"","week","Cluster Number","Cluster Size","Location IDs included","Overlap with clusters","Coordinates / radius","Gini Cluster","Population","Number of cases","Expected cases","Annual cases / 100000","Observed / expected","Relative risk","Log likelihood ratio","P-value"
"1",2020-01-19,"1",1,"SpokaneCounty","No Overlap","(2.40375e+006,848913) / 0","No","522798","2","0.27","17.5","7.28","13.57","2.726994","0.413"
"2",2020-01-19,"2",7,"KittitasCounty, YakimaCounty, ChelanCounty, GrantCounty, KingCounty, DouglasCounty, PierceCounty","No Overlap","(1.59612e+006,653126) / 364660.94","No","3674932","0","1.93","0","0","0","2.635740","0.463"
"3",2020-01-26,"1",4,"SnohomishCounty, SkagitCounty, KingCounty, IslandCounty","5, 6","(1.34135e+006,991759) / 212626.68","No","3289211","1760","1174.03","2791.9","1.50","2.42","255.358795","< 0.00000000000000001"
"4",2020-01-26,"2",13,"PacificCounty, WahkiakumCounty, GraysHarborCounty, ThurstonCounty, CowlitzCounty, MasonCounty, LewisCounty, ClarkCounty, PierceCounty, JeffersonCounty, KitsapCounty, SkamaniaCounty, ClallamCounty","3","(815687,461225) / 570426.80","No","2436953","444","869.83","950.6","0.51","0.41","172.920851","< 0.00000000000000001"
"5",2020-01-26,"3",9,"WahkiakumCounty, PacificCounty, CowlitzCounty, ThurstonCounty, LewisCounty, ClarkCounty, GraysHarborCounty, MasonCounty, SkamaniaCounty","2","(899146,363108) / 396914.36","Yes","1150948","142","410.81","643.7","0.35","0.31","133.047570","< 0.00000000000000001"
"6",2020-01-26,"4",17,"PendOreilleCounty, StevensCounty, FerryCounty, SpokaneCounty, LincolnCounty, OkanoganCounty, WhitmanCounty, AdamsCounty, DouglasCounty, GrantCounty, GarfieldCounty, ColumbiaCounty, FranklinCounty, ChelanCounty, AsotinCounty, WallaWallaCounty, KittitasCounty","No Overlap","(2.4223e+006,1.18238e+006) / 981170.49","Yes","1164212","192","415.54","860.5","0.46","0.42","85.819334","< 0.00000000000000001"
"7",2020-01-26,"5",1,"KingCounty","1","(1.31014e+006,789600) / 0","Yes","2252782","1122","804.09","2598.7","1.40","1.67","83.892021","< 0.00000000000000001"
"8",2020-01-26,"6",4,"SkagitCounty, WhatcomCounty, SnohomishCounty, IslandCounty","1","(1.32441e+006,1.15149e+006) / 221418.70","Yes","1265676","697","451.76","2873.4","1.54","1.73","70.778470","< 0.00000000000000001"
"9",2020-01-26,"7",1,"YakimaCounty","No Overlap","(1.58048e+006,409697) / 0","Yes","250873","151","89.54","3140.6","1.69","1.73","18.172674","0.00000051"
"10",2020-02-02,"1",6,"SkagitCounty, WhatcomCounty, SnohomishCounty, IslandCounty, SanJuanCounty, KingCounty","3, 6, 7","(1.32441e+006,1.15149e+006) / 362166.92","No","3536040","1808","1274.20","2667.9","1.42","2.23","210.239329","< 0.00000000000000001"
"11",2020-02-02,"2",9,"WahkiakumCounty, PacificCounty, CowlitzCounty, ThurstonCounty, LewisCounty, ClarkCounty, GraysHarborCounty, MasonCounty, SkamaniaCounty","No Overlap","(899146,363108) / 396914.36","Yes","1150948","104","414.74","471.5","0.25","0.22","186.743636","< 0.00000000000000001"
"12",2020-02-02,"3",1,"KingCounty","1","(1.31014e+006,789600) / 0","Yes","2252782","1214","811.78","2811.8","1.50","1.89","131.463848","< 0.00000000000000001"
"13",2020-02-02,"4",17,"PendOreilleCounty, StevensCounty, FerryCounty, SpokaneCounty, LincolnCounty, OkanoganCounty, WhitmanCounty, AdamsCounty, DouglasCounty, GrantCounty, GarfieldCounty, ColumbiaCounty, FranklinCounty, ChelanCounty, AsotinCounty, WallaWallaCounty, KittitasCounty","No Overlap","(2.4223e+006,1.18238e+006) / 981170.49","Yes","1164212","206","419.52","923.2","0.49","0.45","76.524880","< 0.00000000000000001"
"14",2020-02-02,"5",1,"YakimaCounty","No Overlap","(1.58048e+006,409697) / 0","Yes","250873","187","90.40","3889.3","2.07","2.15","41.102317","< 0.00000000000000001"
"15",2020-02-02,"6",1,"SnohomishCounty","1","(1.34135e+006,991759) / 0","Yes","822083","426","296.23","2703.8","1.44","1.52","28.497199","0.0000000000076"
"16",2020-02-02,"7",7,"SanJuanCounty, IslandCounty, WhatcomCounty, ClallamCounty, SkagitCounty, JeffersonCounty, KitsapCounty","1","(1.04005e+006,1.18764e+006) / 346597.00","Yes","842200","222","303.48","1375.4","0.73","0.71","13.420713","0.000032"
"17",2020-02-09,"1",5,"KittitasCounty, YakimaCounty, ChelanCounty, GrantCounty, KingCounty","3, 4","(1.59612e+006,653126) / 316873.12","No","2726523","1216","770.53","2327.1","1.58","2.33","190.421616","< 0.00000000000000001"
"18",2020-02-09,"2",9,"GraysHarborCounty, MasonCounty, PacificCounty, JeffersonCounty, ThurstonCounty, WahkiakumCounty, KitsapCounty, ClallamCounty, LewisCounty","No Overlap","(812614,677769) / 413944.40","Yes","921056","30","260.29","169.9","0.12","0.10","178.957076","< 0.00000000000000001"
"19",2020-02-09,"3",1,"YakimaCounty","1","(1.58048e+006,409697) / 0","Yes","250873","221","70.90","4596.4","3.12","3.36","106.706191","< 0.00000000000000001"
"20",2020-02-09,"4",1,"KingCounty","1","(1.31014e+006,789600) / 0","Yes","2252782","938","636.65","2172.5","1.47","1.84","94.331059","< 0.00000000000000001"
"21",2020-02-09,"5",7,"PendOreilleCounty, StevensCounty, FerryCounty, SpokaneCounty, LincolnCounty, OkanoganCounty, WhitmanCounty","No Overlap","(2.4223e+006,1.18238e+006) / 597932.02","Yes","693158","57","195.89","429.1","0.29","0.27","73.340923","< 0.00000000000000001"
"22",2020-02-09,"6",2,"AdamsCounty, FranklinCounty","No Overlap","(2.12431e+006,607716) / 184314.37","Yes","115205","75","32.56","3396.8","2.30","2.35","20.571479","0.000000056"
"23",2020-02-09,"7",3,"WhatcomCounty, SkagitCounty, SanJuanCounty","No Overlap","(1.30964e+006,1.27888e+006) / 284613.08","Yes","376034","59","106.27","818.7","0.56","0.54","13.093094","0.000075"
"24",2020-02-09,"8",1,"SnohomishCounty","No Overlap","(1.34135e+006,991759) / 0","Yes","822083","293","232.32","1859.7","1.26","1.30","8.280784","0.0076"
"25",2020-02-16,"1",6,"KittitasCounty, YakimaCounty, ChelanCounty, GrantCounty, KingCounty, DouglasCounty","3, 9","(1.59612e+006,653126) / 330386.55","No","2769952","1099","699.86","2070.2","1.57","2.33","170.394937","< 0.00000000000000001"
"26",2020-02-16,"2",9,"GraysHarborCounty, MasonCounty, PacificCounty, JeffersonCounty, ThurstonCounty, WahkiakumCounty, KitsapCounty, ClallamCounty, LewisCounty","4, 6, 7","(812614,677769) / 413944.40","No","921056","30","232.72","169.9","0.13","0.12","152.948382","< 0.00000000000000001"
"27",2020-02-16,"3",1,"YakimaCounty","1","(1.58048e+006,409697) / 0","Yes","250873","240","63.39","4991.6","3.79","4.18","151.581136","< 0.00000000000000001"
"28",2020-02-16,"4",5,"MasonCounty, KitsapCounty, ThurstonCounty, GraysHarborCounty, JeffersonCounty","2","(975422,746852) / 183576.31","Yes","736059","24","185.97","170.1","0.13","0.12","120.156821","< 0.00000000000000001"
"29",2020-02-16,"5",8,"PendOreilleCounty, StevensCounty, FerryCounty, SpokaneCounty, LincolnCounty, OkanoganCounty, WhitmanCounty, AdamsCounty","No Overlap","(2.4223e+006,1.18238e+006) / 647333.59","Yes","713141","44","180.18","321.9","0.24","0.23","79.337849","< 0.00000000000000001"
"30",2020-02-16,"6",5,"SkamaniaCounty, ClarkCounty, CowlitzCounty, LewisCounty, KlickitatCounty","2","(1.28088e+006,254383) / 291402.71","Yes","714049","63","180.41","460.4","0.35","0.33","54.997679","< 0.00000000000000001"
"31",2020-02-16,"7",4,"SanJuanCounty, IslandCounty, WhatcomCounty, ClallamCounty","2, 10","(1.04005e+006,1.18764e+006) / 285023.20","Yes","409301","23","103.42","293.2","0.22","0.21","47.590595","< 0.00000000000000001"
"32",2020-02-16,"8",1,"FranklinCounty","No Overlap","(2.04323e+006,442195) / 0","Yes","95222","77","24.06","4219.3","3.20","3.29","37.377228","0.00000000000000089"
"33",2020-02-16,"9",1,"DouglasCounty","1","(1.83894e+006,877161) / 0","Yes","43429","42","10.97","5046.1","3.83","3.89","25.600030","0.00000000014"
"34",2020-02-16,"10",1,"WhatcomCounty","7","(1.30964e+006,1.27888e+006) / 0","No","229247","15","57.92","341.4","0.26","0.25","23.146321","0.0000000016"
"35",2020-02-16,"11",1,"SkagitCounty","No Overlap","(1.32441e+006,1.15149e+006) / 0","Yes","129205","61","32.65","2463.4","1.87","1.90","9.994470","0.00098"
"36",2020-02-23,"1",4,"BentonCounty, FranklinCounty, WallaWallaCounty, YakimaCounty","No Overlap","(1.89069e+006,331893) / 319817.65","Yes","611245","535","142.40","4566.9","3.76","4.95","367.102251","< 0.00000000000000001"
"37",2020-02-23,"2",13,"PacificCounty, WahkiakumCounty, GraysHarborCounty, ThurstonCounty, CowlitzCounty, MasonCounty, LewisCounty, ClarkCounty, PierceCounty, JeffersonCounty, KitsapCounty, SkamaniaCounty, ClallamCounty","3, 4","(815687,461225) / 570426.80","No","2436953","229","567.72","490.3","0.40","0.31","174.453345","< 0.00000000000000001"
"38",2020-02-23,"3",8,"ClallamCounty, JeffersonCounty, SanJuanCounty, IslandCounty, MasonCounty, GraysHarborCounty, KitsapCounty, ThurstonCounty","2","(801611,1.03148e+006) / 509912.75","Yes","916113","24","213.42","136.7","0.11","0.10","148.033779","< 0.00000000000000001"
"39",2020-02-23,"4",5,"SkamaniaCounty, ClarkCounty, CowlitzCounty, LewisCounty, KlickitatCounty","2","(1.28088e+006,254383) / 291402.71","Yes","714049","45","166.35","328.8","0.27","0.25","66.982895","< 0.00000000000000001"
"40",2020-02-23,"5",7,"PendOreilleCounty, StevensCounty, FerryCounty, SpokaneCounty, LincolnCounty, OkanoganCounty, WhitmanCounty","6","(2.4223e+006,1.18238e+006) / 597932.02","Yes","693158","48","161.48","361.3","0.30","0.28","59.150831","< 0.00000000000000001"
"41",2020-02-23,"6",11,"FerryCounty, StevensCounty, OkanoganCounty, PendOreilleCounty, LincolnCounty, DouglasCounty, SpokaneCounty, GrantCounty, AdamsCounty, ChelanCounty, WhitmanCounty","5, 11","(2.12176e+006,1.14961e+006) / 622108.81","No","931503","96","217.01","537.7","0.44","0.41","47.296229","< 0.00000000000000001"
"42",2020-02-23,"7",1,"WhatcomCounty","No Overlap","(1.30964e+006,1.27888e+006) / 0","Yes","229247","10","53.41","227.6","0.19","0.18","27.195934","0.00000000014"
"43",2020-02-23,"8",3,"SnohomishCounty, SkagitCounty, KingCounty","9, 10","(1.34135e+006,991759) / 204553.00","No","3204070","900","746.43","1465.6","1.21","1.42","26.906108","0.00000000018"
"44",2020-02-23,"9",1,"KingCounty","8","(1.31014e+006,789600) / 0","Yes","2252782","654","524.82","1514.8","1.25","1.39","21.656913","0.000000026"
"45",2020-02-23,"10",1,"SkagitCounty","8","(1.32441e+006,1.15149e+006) / 0","Yes","129205","53","30.10","2140.3","1.76","1.78","7.236514","0.029"
"46",2020-02-23,"11",3,"ChelanCounty, DouglasCounty, KittitasCounty","6","(1.61141e+006,924343) / 271648.09","No","168564","29","39.27","897.7","0.74","0.73","1.508403","0.995"
"47",2020-03-01,"1",1,"YakimaCounty","No Overlap","(1.58048e+006,409697) / 0","Yes","250873","367","58.81","7633.0","6.24","7.60","393.135107","< 0.00000000000000001"
"48",2020-03-01,"2",13,"PacificCounty, WahkiakumCounty, GraysHarborCounty, ThurstonCounty, CowlitzCounty, MasonCounty, LewisCounty, ClarkCounty, PierceCounty, JeffersonCounty, KitsapCounty, SkamaniaCounty, ClallamCounty","3, 5, 8","(815687,461225) / 570426.80","No","2436953","236","571.24","505.3","0.41","0.32","169.164952","< 0.00000000000000001"
"49",2020-03-01,"3",5,"MasonCounty, KitsapCounty, ThurstonCounty, GraysHarborCounty, JeffersonCounty","2","(975422,746852) / 183576.31","Yes","736059","13","172.54","92.2","0.075","0.069","133.569504","< 0.00000000000000001"
"50",2020-03-01,"4",8,"PendOreilleCounty, StevensCounty, FerryCounty, SpokaneCounty, LincolnCounty, OkanoganCounty, WhitmanCounty, AdamsCounty","No Overlap","(2.4223e+006,1.18238e+006) / 647333.59","Yes","713141","27","167.17","197.5","0.16","0.15","96.845330","< 0.00000000000000001"
"51",2020-03-01,"5",5,"SkamaniaCounty, ClarkCounty, CowlitzCounty, LewisCounty, KlickitatCounty","2","(1.28088e+006,254383) / 291402.71","Yes","714049","47","167.38","343.4","0.28","0.26","65.056122","< 0.00000000000000001"
"52",2020-03-01,"6",3,"SnohomishCounty, SkagitCounty, KingCounty","9","(1.34135e+006,991759) / 204553.00","No","3204070","898","751.06","1462.4","1.20","1.39","24.492058","0.0000000012"
"53",2020-03-01,"7",5,"WallaWallaCounty, ColumbiaCounty, FranklinCounty, GarfieldCounty, BentonCounty","No Overlap","(2.15193e+006,333394) / 261244.57","Yes","366582","156","85.93","2220.4","1.82","1.89","24.421395","0.0000000013"
"54",2020-03-01,"8",4,"SanJuanCounty, IslandCounty, WhatcomCounty, ClallamCounty","2","(1.04005e+006,1.18764e+006) / 285023.20","Yes","409301","38","95.94","484.4","0.40","0.38","23.731857","0.0000000025"
"55",2020-03-01,"9",1,"SkagitCounty","6","(1.32441e+006,1.15149e+006) / 0","Yes","129205","55","30.29","2221.1","1.82","1.84","8.275798","0.0075"
"56",2020-03-01,"10",1,"ChelanCounty","No Overlap","(1.61141e+006,924343) / 0","No","77200","31","18.10","2095.2","1.71","1.73","3.830146","0.424"
"57",2020-03-08,"1",1,"YakimaCounty","No Overlap","(1.58048e+006,409697) / 0","Yes","250873","499","54.92","10378.4","9.09","12.54","724.795189","< 0.00000000000000001"
"58",2020-03-08,"2",13,"PacificCounty, WahkiakumCounty, GraysHarborCounty, ThurstonCounty, CowlitzCounty, MasonCounty, LewisCounty, ClarkCounty, PierceCounty, JeffersonCounty, KitsapCounty, SkamaniaCounty, ClallamCounty","3, 5, 7","(815687,461225) / 570426.80","No","2436953","219","533.48","468.9","0.41","0.32","159.564944","< 0.00000000000000001"
"59",2020-03-08,"3",5,"MasonCounty, KitsapCounty, ThurstonCounty, GraysHarborCounty, JeffersonCounty","2","(975422,746852) / 183576.31","Yes","736059","16","161.13","113.4","0.099","0.091","114.958106","< 0.00000000000000001"
"60",2020-03-08,"4",10,"SpokaneCounty, LincolnCounty, WhitmanCounty, StevensCounty, PendOreilleCounty, AdamsCounty, FerryCounty, GarfieldCounty, ColumbiaCounty, AsotinCounty","6","(2.40375e+006,848913) / 523349.12","Yes","699690","16","153.17","119.3","0.10","0.096","107.062885","< 0.00000000000000001"
"61",2020-03-08,"5",4,"ClarkCounty, CowlitzCounty, SkamaniaCounty, LewisCounty","2","(1.13459e+006,168921) / 292552.88","Yes","691624","32","151.41","241.4","0.21","0.20","74.255115","< 0.00000000000000001"
"62",2020-03-08,"6",9,"FerryCounty, StevensCounty, OkanoganCounty, PendOreilleCounty, LincolnCounty, DouglasCounty, SpokaneCounty, GrantCounty, AdamsCounty","4, 8, 9","(2.12176e+006,1.14961e+006) / 541897.70","No","804199","57","176.05","369.8","0.32","0.30","59.401219","< 0.00000000000000001"
"63",2020-03-08,"7",4,"SanJuanCounty, IslandCounty, WhatcomCounty, ClallamCounty","2, 10","(1.04005e+006,1.18764e+006) / 285023.20","Yes","409301","28","89.60","356.9","0.31","0.30","30.220196","0.0000000000031"
"64",2020-03-08,"8",3,"ChelanCounty, DouglasCounty, KittitasCounty","6","(1.61141e+006,924343) / 271648.09","Yes","168564","84","36.90","2600.1","2.28","2.34","22.684805","0.0000000049"
"65",2020-03-08,"9",1,"GrantCounty","6","(1.90055e+006,684059) / 0","Yes","97733","4","21.40","213.6","0.19","0.19","10.779194","0.00057"
"66",2020-03-08,"10",5,"SkagitCounty, WhatcomCounty, SnohomishCounty, IslandCounty, SanJuanCounty","7, 12","(1.32441e+006,1.15149e+006) / 286647.31","No","1283258","215","280.92","874.2","0.77","0.73","9.965965","0.0013"
"67",2020-03-08,"11",1,"FranklinCounty","No Overlap","(2.04323e+006,442195) / 0","Yes","95222","41","20.85","2246.6","1.97","1.99","7.703330","0.012"
"68",2020-03-08,"12",1,"SkagitCounty","10","(1.32441e+006,1.15149e+006) / 0","No","129205","43","28.28","1736.5","1.52","1.53","3.362786","0.539"
"69",2020-03-15,"1",1,"YakimaCounty","No Overlap","(1.58048e+006,409697) / 0","Yes","250873","596","52.32","12395.8","11.39","17.64","1016.511427","< 0.00000000000000001"
"70",2020-03-15,"2",13,"PacificCounty, WahkiakumCounty, GraysHarborCounty, ThurstonCounty, CowlitzCounty, MasonCounty, LewisCounty, ClarkCounty, PierceCounty, JeffersonCounty, KitsapCounty, SkamaniaCounty, ClallamCounty","3, 5, 8","(815687,461225) / 570426.80","No","2436953","150","508.20","321.2","0.30","0.22","228.917576","< 0.00000000000000001"
"71",2020-03-15,"3",8,"GraysHarborCounty, MasonCounty, PacificCounty, JeffersonCounty, ThurstonCounty, WahkiakumCounty, KitsapCounty, ClallamCounty","2","(812614,677769) / 353880.74","Yes","840349","13","175.25","80.7","0.074","0.067","137.408128","< 0.00000000000000001"
"72",2020-03-15,"4",11,"SpokaneCounty, LincolnCounty, WhitmanCounty, StevensCounty, PendOreilleCounty, AdamsCounty, FerryCounty, GarfieldCounty, ColumbiaCounty, AsotinCounty, GrantCounty","6","(2.40375e+006,848913) / 529521.58","Yes","797423","34","166.29","222.5","0.20","0.19","84.294798","< 0.00000000000000001"
"73",2020-03-15,"5",5,"SkamaniaCounty, ClarkCounty, CowlitzCounty, LewisCounty, KlickitatCounty","2","(1.28088e+006,254383) / 291402.71","Yes","714049","27","148.91","197.3","0.18","0.17","80.828287","< 0.00000000000000001"
"74",2020-03-15,"6",9,"FerryCounty, StevensCounty, OkanoganCounty, PendOreilleCounty, LincolnCounty, DouglasCounty, SpokaneCounty, GrantCounty, AdamsCounty","4, 9","(2.12176e+006,1.14961e+006) / 541897.70","No","804199","56","167.71","363.3","0.33","0.31","54.564258","< 0.00000000000000001"
"75",2020-03-15,"7",5,"SkagitCounty, WhatcomCounty, SnohomishCounty, IslandCounty, SanJuanCounty","10, 11","(1.32441e+006,1.15149e+006) / 286647.31","No","1283258","161","267.61","654.6","0.60","0.56","28.993711","0.000000000017"
"76",2020-03-15,"8",1,"PierceCounty","2","(1.23248e+006,625805) / 0","Yes","904980","112","188.72","645.7","0.59","0.56","20.349601","0.000000068"
"77",2020-03-15,"9",3,"ChelanCounty, DouglasCounty, KittitasCounty","6","(1.61141e+006,924343) / 271648.09","Yes","168564","67","35.15","2073.9","1.91","1.95","11.696481","0.00028"
"78",2020-03-15,"10",1,"SnohomishCounty","7","(1.34135e+006,991759) / 0","Yes","822083","117","171.44","742.6","0.68","0.66","10.770618","0.00068"
"79",2020-03-15,"11",1,"WhatcomCounty","7","(1.30964e+006,1.27888e+006) / 0","Yes","229247","20","47.81","455.2","0.42","0.41","10.627649","0.00078"
"80",2020-03-22,"1",1,"YakimaCounty","No Overlap","(1.58048e+006,409697) / 0","Yes","250873","668","56.17","13893.3","11.89","18.91","1172.997930","< 0.00000000000000001"
"81",2020-03-22,"2",12,"GraysHarborCounty, MasonCounty, PacificCounty, JeffersonCounty, ThurstonCounty, WahkiakumCounty, KitsapCounty, ClallamCounty, LewisCounty, PierceCounty, CowlitzCounty, IslandCounty","3, 4","(812614,677769) / 483149.74","No","2021770","89","452.68","229.7","0.20","0.15","267.247396","< 0.00000000000000001"
"82",2020-03-22,"3",6,"JeffersonCounty, ClallamCounty, MasonCounty, KitsapCounty, GraysHarborCounty, IslandCounty","2","(884182,906149) / 282694.95","Yes","607995","10","136.13","85.8","0.073","0.068","104.961354","< 0.00000000000000001"
"83",2020-03-22,"4",5,"WahkiakumCounty, PacificCounty, CowlitzCounty, ThurstonCounty, LewisCounty","2","(899146,363108) / 282563.86","Yes","508795","8","113.92","82.0","0.070","0.066","88.122336","< 0.00000000000000001"
"84",2020-03-22,"5",8,"GrantCounty, DouglasCounty, AdamsCounty, FranklinCounty, LincolnCounty, KittitasCounty, BentonCounty, ChelanCounty","6","(1.90055e+006,684059) / 375947.25","Yes","596831","290","133.63","2535.3","2.17","2.41","76.372739","< 0.00000000000000001"
"85",2020-03-22,"6",9,"ChelanCounty, DouglasCounty, KittitasCounty, SnohomishCounty, OkanoganCounty, KingCounty, SkagitCounty, GrantCounty, WhatcomCounty","5, 7","(1.61141e+006,924343) / 465581.51","No","3741857","592","837.81","825.5","0.71","0.55","72.166036","< 0.00000000000000001"
"86",2020-03-22,"7",3,"WhatcomCounty, SkagitCounty, SanJuanCounty","6","(1.30964e+006,1.27888e+006) / 284613.08","Yes","376034","19","84.20","263.6","0.23","0.22","38.203947","0.00000000000000056"
"87",2020-03-22,"8",5,"AsotinCounty, GarfieldCounty, ColumbiaCounty, WhitmanCounty, WallaWallaCounty","No Overlap","(2.47512e+006,330453) / 323200.20","Yes","139656","5","31.27","186.8","0.16","0.16","17.308509","0.00000069"
"88",2020-03-22,"9",3,"PendOreilleCounty, StevensCounty, FerryCounty","No Overlap","(2.4223e+006,1.18238e+006) / 302323.40","Yes","67074","2","15.02","155.6","0.13","0.13","9.035887","0.0028"
"89",2020-03-22,"10",2,"SkamaniaCounty, ClarkCounty","No Overlap","(1.28088e+006,254383) / 169418.69","Yes","500324","76","112.02","792.6","0.68","0.66","6.941902","0.020"
"90",2020-03-29,"1",1,"YakimaCounty","No Overlap","(1.58048e+006,409697) / 0","Yes","250873","720","59.04","14974.8","12.20","19.72","1285.887809","< 0.00000000000000001"
"91",2020-03-29,"2",12,"GraysHarborCounty, MasonCounty, PacificCounty, JeffersonCounty, ThurstonCounty, WahkiakumCounty, KitsapCounty, ClallamCounty, LewisCounty, PierceCounty, CowlitzCounty, IslandCounty","5, 7, 8","(812614,677769) / 483149.74","No","2021770","122","475.78","314.9","0.26","0.20","231.525319","< 0.00000000000000001"
"92",2020-03-29,"3",9,"ChelanCounty, DouglasCounty, KittitasCounty, SnohomishCounty, OkanoganCounty, KingCounty, SkagitCounty, GrantCounty, WhatcomCounty","6, 9","(1.61141e+006,924343) / 465581.51","No","3741857","514","880.56","716.7","0.58","0.42","155.297009","< 0.00000000000000001"
"93",2020-03-29,"4",2,"AdamsCounty, FranklinCounty","No Overlap","(2.12431e+006,607716) / 184314.37","Yes","115205","151","27.11","6838.9","5.57","5.99","139.883146","< 0.00000000000000001"
"94",2020-03-29,"5",7,"ClallamCounty, JeffersonCounty, SanJuanCounty, IslandCounty, MasonCounty, GraysHarborCounty, KitsapCounty","2","(801611,1.03148e+006) / 359191.29","Yes","625577","6","147.22","50.0","0.041","0.038","127.910910","< 0.00000000000000001"
"95",2020-03-29,"6",1,"SnohomishCounty","3","(1.34135e+006,991759) / 0","Yes","822083","67","193.46","425.2","0.35","0.32","60.289417","< 0.00000000000000001"
"96",2020-03-29,"7",5,"WahkiakumCounty, PacificCounty, CowlitzCounty, ThurstonCounty, LewisCounty","2","(899146,363108) / 282563.86","Yes","508795","27","119.73","276.9","0.23","0.21","55.044117","< 0.00000000000000001"
"97",2020-03-29,"8",1,"PierceCounty","2","(1.23248e+006,625805) / 0","Yes","904980","89","212.97","513.1","0.42","0.39","51.058346","< 0.00000000000000001"
"98",2020-03-29,"9",2,"SkagitCounty, WhatcomCounty","3","(1.32441e+006,1.15149e+006) / 128251.66","Yes","358452","32","84.35","465.8","0.38","0.37","22.131249","0.000000018"
"99",2020-03-29,"10",3,"PendOreilleCounty, StevensCounty, FerryCounty","No Overlap","(2.4223e+006,1.18238e+006) / 302323.40","Yes","67074","0","15.78","0","0","0","15.854340","0.0000066"
"100",2020-04-05,"1",4,"ChelanCounty, DouglasCounty, KittitasCounty, SnohomishCounty","No Overlap","(1.61141e+006,924343) / 278350.57","No","990647","2","0.39","10.5","5.12","13.37","2.308833","0.439"
"101",2020-04-05,"2",5,"PierceCounty, ThurstonCounty, LewisCounty, KingCounty, KitsapCounty","No Overlap","(1.23248e+006,625805) / 253694.22","No","3800478","0","1.50","0","0","0","2.073956","0.544"
"102",2020-04-12,"1",4,"BentonCounty, FranklinCounty, WallaWallaCounty, YakimaCounty","No Overlap","(1.89069e+006,331893) / 319817.65","Yes","611245","1363","175.87","11634.9","7.75","18.86","2054.561930","< 0.00000000000000001"
"103",2020-04-12,"2",5,"PierceCounty, ThurstonCounty, LewisCounty, KingCounty, KitsapCounty","4, 6, 7","(1.23248e+006,625805) / 253694.22","No","3800478","423","1093.49","580.7","0.39","0.24","441.249888","< 0.00000000000000001"
"104",2020-04-12,"3",12,"OkanoganCounty, DouglasCounty, FerryCounty, ChelanCounty, StevensCounty, LincolnCounty, GrantCounty, SkagitCounty, SnohomishCounty, WhatcomCounty, KittitasCounty, PendOreilleCounty","5, 8, 9, 10","(1.82458e+006,1.17369e+006) / 597787.66","No","1567088","142","450.89","472.8","0.31","0.27","170.748783","< 0.00000000000000001"
"105",2020-04-12,"4",8,"GraysHarborCounty, MasonCounty, PacificCounty, JeffersonCounty, ThurstonCounty, WahkiakumCounty, KitsapCounty, ClallamCounty","2","(812614,677769) / 353880.74","Yes","840349","36","241.79","223.5","0.15","0.13","147.726076","< 0.00000000000000001"
"106",2020-04-12,"5",1,"SnohomishCounty","3","(1.34135e+006,991759) / 0","Yes","822083","67","236.53","425.2","0.28","0.26","92.169548","< 0.00000000000000001"
"107",2020-04-12,"6",1,"PierceCounty","2","(1.23248e+006,625805) / 0","Yes","904980","101","260.39","582.3","0.39","0.36","70.139757","< 0.00000000000000001"
"108",2020-04-12,"7",4,"SkamaniaCounty, ClarkCounty, CowlitzCounty, LewisCounty","2","(1.28088e+006,254383) / 236156.57","Yes","691624","76","199.00","573.4","0.38","0.36","53.564788","< 0.00000000000000001"
"109",2020-04-12,"8",3,"WhatcomCounty, SkagitCounty, SanJuanCounty","3","(1.30964e+006,1.27888e+006) / 284613.08","Yes","376034","27","108.19","374.6","0.25","0.24","45.278509","< 0.00000000000000001"
"110",2020-04-12,"9",3,"PendOreilleCounty, StevensCounty, FerryCounty","3","(2.4223e+006,1.18238e+006) / 302323.40","Yes","67074","2","19.30","155.6","0.10","0.10","12.833823","0.000064"
"111",2020-04-12,"10",3,"ChelanCounty, DouglasCounty, KittitasCounty","3","(1.61141e+006,924343) / 271648.09","Yes","168564","21","48.50","650.0","0.43","0.43","10.097977","0.0010"
"112",2020-04-19,"1",6,"BentonCounty, FranklinCounty, WallaWallaCounty, YakimaCounty, KlickitatCounty, GrantCounty","2, 4, 8","(1.89069e+006,331893) / 352304.25","No","731403","1520","228.79","10843.5","6.64","16.60","2089.246226","< 0.00000000000000001"
"113",2020-04-19,"2",1,"YakimaCounty","1","(1.58048e+006,409697) / 0","Yes","250873","946","78.48","19675.3","12.05","19.34","1676.406785","< 0.00000000000000001"
"114",2020-04-19,"3",5,"PierceCounty, ThurstonCounty, LewisCounty, KingCounty, KitsapCounty","6, 7, 9","(1.23248e+006,625805) / 253694.22","No","3800478","476","1188.82","653.5","0.40","0.25","457.059498","< 0.00000000000000001"
"115",2020-04-19,"4",2,"BentonCounty, FranklinCounty","1","(1.89069e+006,331893) / 188235.16","Yes","299612","459","93.72","7993.5","4.90","5.83","394.790169","< 0.00000000000000001"
"116",2020-04-19,"5",5,"ClallamCounty, JeffersonCounty, SanJuanCounty, IslandCounty, MasonCounty","No Overlap","(801611,1.03148e+006) / 333500.10","Yes","279043","7","87.29","130.9","0.080","0.077","64.012301","< 0.00000000000000001"
"117",2020-04-19,"6",1,"KitsapCounty","3","(1.11058e+006,848293) / 0","Yes","271473","14","84.92","269.1","0.16","0.16","46.765650","< 0.00000000000000001"
"118",2020-04-19,"7",1,"ThurstonCounty","3","(1.05793e+006,590671) / 0","Yes","290536","27","90.88","484.9","0.30","0.29","31.993857","0.00000000000070"
"119",2020-04-19,"8",2,"DouglasCounty, GrantCounty","1","(1.83894e+006,877161) / 202690.70","Yes","141162","105","44.16","3881.1","2.38","2.44","30.908163","0.0000000000020"
"120",2020-04-19,"9",1,"LewisCounty","3","(1.1646e+006,459931) / 0","Yes","80707","1","25.25","64.7","0.040","0.039","21.141434","0.000000026"
"121",2020-04-19,"10",3,"PacificCounty, WahkiakumCounty, GraysHarborCounty","No Overlap","(815687,461225) / 216565.26","Yes","102020","5","31.91","255.7","0.16","0.15","17.798366","0.00000067"
"122",2020-04-19,"11",3,"PendOreilleCounty, StevensCounty, FerryCounty","No Overlap","(2.4223e+006,1.18238e+006) / 302323.40","Yes","67074","3","20.98","233.4","0.14","0.14","12.214531","0.00015"
"123",2020-04-19,"12",3,"WhitmanCounty, GarfieldCounty, ColumbiaCounty","No Overlap","(2.38439e+006,585653) / 240388.35","Yes","56314","2","17.62","185.3","0.11","0.11","11.315665","0.00036"
"124",2020-04-19,"13",1,"SkagitCounty","No Overlap","(1.32441e+006,1.15149e+006) / 0","Yes","129205","15","40.42","605.8","0.37","0.37","10.686040","0.00067"
"125",2020-04-19,"14",1,"WhatcomCounty","No Overlap","(1.30964e+006,1.27888e+006) / 0","Yes","229247","43","71.71","978.7","0.60","0.59","6.896290","0.029"
"126",2020-04-19,"15",1,"SkamaniaCounty","No Overlap","(1.28088e+006,254383) / 0","No","12083","0","3.78","0","0","0","3.782662","0.428"
"127",2020-04-19,"16",1,"LincolnCounty","No Overlap","(2.15415e+006,824679) / 0","No","10939","0","3.42","0","0","0","3.424268","0.541"
"128",2020-04-26,"1",8,"BentonCounty, FranklinCounty, WallaWallaCounty, YakimaCounty, KlickitatCounty, GrantCounty, AdamsCounty, ColumbiaCounty","No Overlap","(1.89069e+006,331893) / 406052.15","Yes","755371","1638","295.90","11314.5","5.54","11.06","1872.112887","< 0.00000000000000001"
"129",2020-04-26,"2",5,"PierceCounty, ThurstonCounty, LewisCounty, KingCounty, KitsapCounty","3, 4","(1.23248e+006,625805) / 253694.22","No","3800478","703","1488.77","965.2","0.47","0.31","435.951990","< 0.00000000000000001"
"130",2020-04-26,"3",8,"GraysHarborCounty, MasonCounty, PacificCounty, JeffersonCounty, ThurstonCounty, WahkiakumCounty, KitsapCounty, ClallamCounty","2","(812614,677769) / 353880.74","Yes","840349","43","329.19","267.0","0.13","0.12","213.573069","< 0.00000000000000001"
"131",2020-04-26,"4",1,"PierceCounty","2","(1.23248e+006,625805) / 0","Yes","904980","165","354.51","951.3","0.47","0.43","69.992618","< 0.00000000000000001"
"132",2020-04-26,"5",2,"SkamaniaCounty, ClarkCounty","No Overlap","(1.28088e+006,254383) / 169418.69","Yes","500324","67","195.99","698.7","0.34","0.33","60.016307","< 0.00000000000000001"
"133",2020-04-26,"6",1,"SnohomishCounty","No Overlap","(1.34135e+006,991759) / 0","Yes","822083","174","322.04","1104.4","0.54","0.51","44.963964","< 0.00000000000000001"
"134",2020-04-26,"7",3,"PendOreilleCounty, StevensCounty, FerryCounty","No Overlap","(2.4223e+006,1.18238e+006) / 302323.40","Yes","67074","0","26.28","0","0","0","26.391459","0.00000000014"
"135",2020-04-26,"8",3,"WhatcomCounty, SkagitCounty, SanJuanCounty","No Overlap","(1.30964e+006,1.27888e+006) / 284613.08","Yes","376034","86","147.30","1193.3","0.58","0.57","15.681230","0.0000049"
"136",2020-04-26,"9",3,"ChelanCounty, DouglasCounty, KittitasCounty","No Overlap","(1.61141e+006,924343) / 271648.09","No","168564","41","66.03","1269.1","0.62","0.62","5.599826","0.088"
"137",2020-05-03,"1",4,"BentonCounty, FranklinCounty, WallaWallaCounty, YakimaCounty","No Overlap","(1.89069e+006,331893) / 319817.65","Yes","611245","1499","320.52","12795.9","4.68","6.89","1347.256874","< 0.00000000000000001"
"138",2020-05-03,"2",10,"ClallamCounty, JeffersonCounty, SanJuanCounty, IslandCounty, MasonCounty, GraysHarborCounty, KitsapCounty, ThurstonCounty, SkagitCounty, SnohomishCounty","3, 5, 8","(801611,1.03148e+006) / 541195.78","No","1867401","351","979.20","980.7","0.36","0.30","329.439270","< 0.00000000000000001"
"139",2020-05-03,"3",7,"ClallamCounty, JeffersonCounty, SanJuanCounty, IslandCounty, MasonCounty, GraysHarborCounty, KitsapCounty","2","(801611,1.03148e+006) / 359191.29","Yes","625577","66","328.03","550.5","0.20","0.19","165.355505","< 0.00000000000000001"
"140",2020-05-03,"4",2,"KingCounty, PierceCounty","No Overlap","(1.31014e+006,789600) / 181272.91","No","3157762","1163","1655.83","1921.7","0.70","0.58","130.591657","< 0.00000000000000001"
"141",2020-05-03,"5",5,"WahkiakumCounty, PacificCounty, CowlitzCounty, ThurstonCounty, LewisCounty","2","(899146,363108) / 282563.86","Yes","508795","105","266.80","1076.8","0.39","0.38","67.343511","< 0.00000000000000001"
"142",2020-05-03,"6",5,"LincolnCounty, AdamsCounty, SpokaneCounty, GrantCounty, DouglasCounty","No Overlap","(2.15415e+006,824679) / 319551.95","Yes","694882","522","364.37","3919.6","1.43","1.50","33.500704","0.00000000000013"
"143",2020-05-03,"7",3,"PendOreilleCounty, StevensCounty, FerryCounty","No Overlap","(2.4223e+006,1.18238e+006) / 302323.40","Yes","67074","3","35.17","233.4","0.085","0.085","24.916942","0.00000000058"
"144",2020-05-03,"8",1,"SkagitCounty","2","(1.32441e+006,1.15149e+006) / 0","Yes","129205","25","67.75","1009.6","0.37","0.37","18.058793","0.00000048"
"145",2020-05-03,"9",3,"WhitmanCounty, GarfieldCounty, ColumbiaCounty","No Overlap","(2.38439e+006,585653) / 240388.35","Yes","56314","5","29.53","463.3","0.17","0.17","15.725250","0.0000047"
"146",2020-05-10,"1",9,"GrantCounty, DouglasCounty, AdamsCounty, FranklinCounty, LincolnCounty, KittitasCounty, BentonCounty, ChelanCounty, YakimaCounty","2, 3, 8","(1.90055e+006,684059) / 421561.97","No","847704","1792","516.64","203.7","3.47","5.02","1174.804234","< 0.00000000000000001"
"147",2020-05-10,"2",4,"KlickitatCounty, YakimaCounty, SkamaniaCounty, BentonCounty","1","(1.56668e+006,197511) / 350777.90","Yes","489771","1025","298.50","201.7","3.43","4.12","602.502471","< 0.00000000000000001"
"148",2020-05-10,"3",2,"AdamsCounty, FranklinCounty","1","(2.12431e+006,607716) / 184314.37","Yes","115205","455","70.21","380.6","6.48","7.08","482.170285","< 0.00000000000000001"
"149",2020-05-10,"4",10,"ClallamCounty, JeffersonCounty, SanJuanCounty, IslandCounty, MasonCounty, GraysHarborCounty, KitsapCounty, ThurstonCounty, SkagitCounty, SnohomishCounty","5, 6, 9","(801611,1.03148e+006) / 541195.78","No","1867401","438","1138.11","22.6","0.38","0.32","347.583354","< 0.00000000000000001"
"150",2020-05-10,"5",6,"JeffersonCounty, ClallamCounty, MasonCounty, KitsapCounty, GraysHarborCounty, IslandCounty","4","(884182,906149) / 282694.95","Yes","607995","82","370.55","13.0","0.22","0.21","174.408699","< 0.00000000000000001"
"151",2020-05-10,"6",5,"WahkiakumCounty, PacificCounty, CowlitzCounty, ThurstonCounty, LewisCounty","4","(899146,363108) / 282563.86","Yes","508795","109","310.09","20.6","0.35","0.34","91.728124","< 0.00000000000000001"
"152",2020-05-10,"7",2,"KingCounty, PierceCounty","No Overlap","(1.31014e+006,789600) / 181272.91","No","3157762","1504","1924.54","45.9","0.78","0.68","80.707513","< 0.00000000000000001"
"153",2020-05-10,"8",4,"OkanoganCounty, DouglasCounty, FerryCounty, ChelanCounty","1","(1.82458e+006,1.17369e+006) / 328046.60","Yes","170499","234","103.91","132.3","2.25","2.32","61.749595","< 0.00000000000000001"
"154",2020-05-10,"9",3,"WhatcomCounty, SkagitCounty, SanJuanCounty","4","(1.30964e+006,1.27888e+006) / 284613.08","Yes","376034","97","229.18","24.9","0.42","0.41","50.739728","< 0.00000000000000001"
"155",2020-05-10,"10",1,"SpokaneCounty","No Overlap","(2.40375e+006,848913) / 0","Yes","522798","489","318.63","90.1","1.53","1.60","42.489062","< 0.00000000000000001"
"156",2020-05-17,"1",9,"GrantCounty, DouglasCounty, AdamsCounty, FranklinCounty, LincolnCounty, KittitasCounty, BentonCounty, ChelanCounty, YakimaCounty","2, 6","(1.90055e+006,684059) / 421561.97","No","847704","2124","621.18","241.5","3.42","4.91","1363.522635","< 0.00000000000000001"
"157",2020-05-17,"2",7,"BentonCounty, FranklinCounty, WallaWallaCounty, YakimaCounty, KlickitatCounty, GrantCounty, AdamsCounty","1","(1.89069e+006,331893) / 361461.86","Yes","751386","1892","550.60","242.7","3.44","4.69","1191.380416","< 0.00000000000000001"
"158",2020-05-17,"3",5,"PierceCounty, ThurstonCounty, LewisCounty, KingCounty, KitsapCounty","4, 8","(1.23248e+006,625805) / 253694.22","No","3800478","1828","2784.89","46.4","0.66","0.49","335.095002","< 0.00000000000000001"
"159",2020-05-17,"4",7,"ClallamCounty, JeffersonCounty, SanJuanCounty, IslandCounty, MasonCounty, GraysHarborCounty, KitsapCounty","3, 5","(801611,1.03148e+006) / 359191.29","Yes","625577","121","458.41","18.6","0.26","0.25","187.116686","< 0.00000000000000001"
"160",2020-05-17,"5",5,"WhatcomCounty, SkagitCounty, SanJuanCounty, SnohomishCounty, IslandCounty","4, 7","(1.30964e+006,1.27888e+006) / 297686.67","No","1283258","487","940.34","36.6","0.52","0.47","154.364154","< 0.00000000000000001"
"161",2020-05-17,"6",2,"ChelanCounty, DouglasCounty","1","(1.61141e+006,924343) / 232370.80","Yes","120629","255","88.39","203.7","2.88","2.98","106.109644","< 0.00000000000000001"
"162",2020-05-17,"7",1,"WhatcomCounty","5","(1.30964e+006,1.27888e+006) / 0","Yes","229247","51","167.99","21.4","0.30","0.30","57.446833","< 0.00000000000000001"
"163",2020-05-17,"8",5,"WahkiakumCounty, PacificCounty, CowlitzCounty, ThurstonCounty, LewisCounty","3","(899146,363108) / 282563.86","Yes","508795","207","372.83","39.2","0.56","0.54","46.644352","< 0.00000000000000001"
"164",2020-05-17,"9",1,"SpokaneCounty","No Overlap","(2.40375e+006,848913) / 0","Yes","522798","502","383.09","92.5","1.31","1.34","18.165598","0.00000032"
"165",2020-05-24,"1",12,"GrantCounty, DouglasCounty, AdamsCounty, FranklinCounty, LincolnCounty, KittitasCounty, BentonCounty, ChelanCounty, YakimaCounty, WallaWallaCounty, WhitmanCounty, OkanoganCounty","2, 4","(1.90055e+006,684059) / 495490.31","No","1000811","2123","750.32","204.4","2.83","3.91","1045.864909","< 0.00000000000000001"
"166",2020-05-24,"2",9,"DouglasCounty, GrantCounty, ChelanCounty, OkanoganCounty, LincolnCounty, KittitasCounty, AdamsCounty, FerryCounty, FranklinCounty","1","(1.83894e+006,877161) / 480548.84","Yes","442311","1238","331.61","269.7","3.73","4.49","805.510153","< 0.00000000000000001"
"167",2020-05-24,"3",9,"JeffersonCounty, ClallamCounty, MasonCounty, KitsapCounty, GraysHarborCounty, IslandCounty, SanJuanCounty, ThurstonCounty, KingCounty","5, 6","(884182,906149) / 441613.85","No","3168895","1511","2375.77","46.0","0.64","0.50","284.533657","< 0.00000000000000001"
"168",2020-05-24,"4",4,"KlickitatCounty, YakimaCounty, SkamaniaCounty, BentonCounty","1, 8","(1.56668e+006,197511) / 350777.90","Yes","489771","833","367.19","163.9","2.27","2.49","237.474231","< 0.00000000000000001"
"169",2020-05-24,"5",7,"ClallamCounty, JeffersonCounty, SanJuanCounty, IslandCounty, MasonCounty, GraysHarborCounty, KitsapCounty","3","(801611,1.03148e+006) / 359191.29","Yes","625577","173","469.00","26.7","0.37","0.35","131.675448","< 0.00000000000000001"
"170",2020-05-24,"6",5,"WahkiakumCounty, PacificCounty, CowlitzCounty, ThurstonCounty, LewisCounty","3, 8","(899146,363108) / 282563.86","Yes","508795","196","381.45","37.1","0.51","0.50","58.132010","< 0.00000000000000001"
"171",2020-05-24,"7",1,"WhatcomCounty","No Overlap","(1.30964e+006,1.27888e+006) / 0","Yes","229247","75","171.87","31.5","0.44","0.43","35.518643","0.000000000000054"
"172",2020-05-24,"8",5,"SkamaniaCounty, ClarkCounty, CowlitzCounty, LewisCounty, KlickitatCounty","4, 6","(1.28088e+006,254383) / 291402.71","No","714049","389","535.33","52.5","0.73","0.71","24.171854","0.0000000025"
"173",2020-05-24,"9",1,"SpokaneCounty","No Overlap","(2.40375e+006,848913) / 0","Yes","522798","526","391.95","97.0","1.34","1.38","22.386150","0.000000013"
"174",2020-05-31,"1",15,"GrantCounty, DouglasCounty, AdamsCounty, FranklinCounty, LincolnCounty, KittitasCounty, BentonCounty, ChelanCounty, YakimaCounty, WallaWallaCounty, WhitmanCounty, OkanoganCounty, ColumbiaCounty, FerryCounty, SpokaneCounty","No Overlap","(1.90055e+006,684059) / 529521.58","Yes","1535221","2615","1133.04","164.2","2.31","3.45","982.390704","< 0.00000000000000001"
"175",2020-05-31,"2",6,"SkagitCounty, WhatcomCounty, SnohomishCounty, IslandCounty, SanJuanCounty, KingCounty","3, 5","(1.32441e+006,1.15149e+006) / 362166.92","No","3536040","1673","2609.69","45.6","0.64","0.49","325.458031","< 0.00000000000000001"
"176",2020-05-31,"3",10,"ClallamCounty, JeffersonCounty, SanJuanCounty, IslandCounty, MasonCounty, GraysHarborCounty, KitsapCounty, ThurstonCounty, SkagitCounty, SnohomishCounty","2, 4","(801611,1.03148e+006) / 541195.78","Yes","1867401","717","1378.19","37.0","0.52","0.45","241.712868","< 0.00000000000000001"
"177",2020-05-31,"4",7,"WahkiakumCounty, PacificCounty, CowlitzCounty, ThurstonCounty, LewisCounty, ClarkCounty, GraysHarborCounty","3, 6","(899146,363108) / 326341.62","No","1072097","360","791.24","32.4","0.45","0.42","166.446419","< 0.00000000000000001"
"178",2020-05-31,"5",1,"KingCounty","2","(1.31014e+006,789600) / 0","Yes","2252782","1171","1662.61","50.1","0.70","0.63","110.484803","< 0.00000000000000001"
"179",2020-05-31,"6",4,"SkamaniaCounty, ClarkCounty, CowlitzCounty, LewisCounty","4","(1.28088e+006,254383) / 236156.57","Yes","691624","256","510.44","35.7","0.50","0.48","84.006678","< 0.00000000000000001"
"180",2020-05-31,"7",1,"PierceCounty","No Overlap","(1.23248e+006,625805) / 0","No","904980","745","667.90","79.3","1.12","1.13","4.891409","0.170"
"181",2020-06-07,"1",15,"GrantCounty, DouglasCounty, AdamsCounty, FranklinCounty, LincolnCounty, KittitasCounty, BentonCounty, ChelanCounty, YakimaCounty, WallaWallaCounty, WhitmanCounty, OkanoganCounty, ColumbiaCounty, FerryCounty, SpokaneCounty","No Overlap","(1.90055e+006,684059) / 529521.58","Yes","1535221","2260","1020.13","141.9","2.22","3.20","771.214361","< 0.00000000000000001"
"182",2020-06-07,"2",9,"JeffersonCounty, ClallamCounty, MasonCounty, KitsapCounty, GraysHarborCounty, IslandCounty, SanJuanCounty, ThurstonCounty, KingCounty","3, 4","(884182,906149) / 441613.85","No","3168895","1384","2105.69","42.1","0.66","0.53","222.610385","< 0.00000000000000001"
"183",2020-06-07,"3",10,"ClallamCounty, JeffersonCounty, SanJuanCounty, IslandCounty, MasonCounty, GraysHarborCounty, KitsapCounty, ThurstonCounty, SkagitCounty, SnohomishCounty","2","(801611,1.03148e+006) / 541195.78","Yes","1867401","738","1240.86","38.1","0.59","0.53","151.126719","< 0.00000000000000001"
"184",2020-06-07,"4",1,"KingCounty","2","(1.31014e+006,789600) / 0","Yes","2252782","1092","1496.95","46.7","0.73","0.66","82.697196","< 0.00000000000000001"
"185",2020-06-07,"5",5,"SkamaniaCounty, ClarkCounty, CowlitzCounty, LewisCounty, KlickitatCounty","No Overlap","(1.28088e+006,254383) / 291402.71","Yes","714049","247","474.48","33.3","0.52","0.50","71.780265","< 0.00000000000000001"
"186",2020-06-14,"1",15,"GrantCounty, DouglasCounty, AdamsCounty, FranklinCounty, LincolnCounty, KittitasCounty, BentonCounty, ChelanCounty, YakimaCounty, WallaWallaCounty, WhitmanCounty, OkanoganCounty, ColumbiaCounty, FerryCounty, SpokaneCounty","No Overlap","(1.90055e+006,684059) / 529521.58","Yes","1535221","1938","905.02","121.7","2.14","3.01","608.393095","< 0.00000000000000001"
"187",2020-06-14,"2",6,"SkagitCounty, WhatcomCounty, SnohomishCounty, IslandCounty, SanJuanCounty, KingCounty","3, 5","(1.32441e+006,1.15149e+006) / 362166.92","No","3536040","1444","2084.51","39.4","0.69","0.55","188.997159","< 0.00000000000000001"
"188",2020-06-14,"3",8,"SanJuanCounty, IslandCounty, WhatcomCounty, ClallamCounty, SkagitCounty, JeffersonCounty, KitsapCounty, SnohomishCounty","2, 4","(1.04005e+006,1.18764e+006) / 359373.54","Yes","1664283","544","981.10","31.5","0.55","0.49","142.455957","< 0.00000000000000001"
"189",2020-06-14,"4",13,"PacificCounty, WahkiakumCounty, GraysHarborCounty, ThurstonCounty, CowlitzCounty, MasonCounty, LewisCounty, ClarkCounty, PierceCounty, JeffersonCounty, KitsapCounty, SkamaniaCounty, ClallamCounty","3, 6","(815687,461225) / 570426.80","No","2436953","1062","1436.59","42.0","0.74","0.66","75.838756","< 0.00000000000000001"
"190",2020-06-14,"5",1,"KingCounty","2","(1.31014e+006,789600) / 0","Yes","2252782","1001","1328.02","42.8","0.75","0.68","60.409119","< 0.00000000000000001"
"191",2020-06-14,"6",7,"WahkiakumCounty, PacificCounty, CowlitzCounty, ThurstonCounty, LewisCounty, ClarkCounty, GraysHarborCounty","4","(899146,363108) / 326341.62","Yes","1072097","405","632.00","36.4","0.64","0.61","53.328373","< 0.00000000000000001"
"192",2020-06-21,"1",5,"PierceCounty, ThurstonCounty, LewisCounty, KingCounty, KitsapCounty","No Overlap","(1.23248e+006,625805) / 253694.22","No","3800478","0","0.50","0","0","0","0.691319","0.502"
"193",2020-06-28,"1",12,"GrantCounty, DouglasCounty, AdamsCounty, FranklinCounty, LincolnCounty, KittitasCounty, BentonCounty, ChelanCounty, YakimaCounty, WallaWallaCounty, WhitmanCounty, OkanoganCounty","No Overlap","(1.90055e+006,684059) / 495490.31","Yes","1000811","1357","530.84","130.7","2.56","3.34","553.449678","< 0.00000000000000001"
"194",2020-06-28,"2",7,"IslandCounty, SanJuanCounty, KitsapCounty, SnohomishCounty, SkagitCounty, JeffersonCounty, WhatcomCounty","No Overlap","(1.13394e+006,1.03858e+006) / 297686.67","Yes","1586952","446","841.73","27.1","0.53","0.47","135.996438","< 0.00000000000000001"
"195",2020-06-28,"3",10,"CowlitzCounty, LewisCounty, ClarkCounty, WahkiakumCounty, SkamaniaCounty, ThurstonCounty, PacificCounty, PierceCounty, MasonCounty, GraysHarborCounty","No Overlap","(1.08827e+006,321229) / 450676.56","Yes","2055928","781","1090.48","36.6","0.72","0.65","64.485429","< 0.00000000000000001"
"196",2020-06-28,"4",1,"KingCounty","No Overlap","(1.31014e+006,789600) / 0","Yes","2252782","1029","1194.89","44.0","0.86","0.81","16.836059","0.0000016"
"197",2020-07-05,"1",12,"GrantCounty, DouglasCounty, AdamsCounty, FranklinCounty, LincolnCounty, KittitasCounty, BentonCounty, ChelanCounty, YakimaCounty, WallaWallaCounty, WhitmanCounty, OkanoganCounty","2, 3, 9","(1.90055e+006,684059) / 495490.31","No","1000811","1177","446.07","113.3","2.64","3.51","510.257419","< 0.00000000000000001"
"198",2020-07-05,"2",6,"AdamsCounty, FranklinCounty, LincolnCounty, GrantCounty, WhitmanCounty, WallaWallaCounty","1","(2.12431e+006,607716) / 275709.89","Yes","334741","598","149.20","172.2","4.01","4.65","413.994638","< 0.00000000000000001"
"199",2020-07-05,"3",2,"ChelanCounty, DouglasCounty","1","(1.61141e+006,924343) / 232370.80","Yes","120629","205","53.77","163.8","3.81","3.99","126.610943","< 0.00000000000000001"
"200",2020-07-05,"4",6,"SkagitCounty, WhatcomCounty, SnohomishCounty, IslandCounty, SanJuanCounty, KingCounty","5, 7","(1.32441e+006,1.15149e+006) / 362166.92","No","3536040","1126","1576.03","30.7","0.71","0.57","123.029433","< 0.00000000000000001"
"201",2020-07-05,"5",3,"SanJuanCounty, IslandCounty, WhatcomCounty","4","(1.04005e+006,1.18764e+006) / 284613.08","Yes","331970","37","147.96","10.7","0.25","0.24","61.553027","< 0.00000000000000001"
"202",2020-07-05,"6",9,"ClarkCounty, CowlitzCounty, SkamaniaCounty, LewisCounty, WahkiakumCounty, ThurstonCounty, PacificCounty, KlickitatCounty, PierceCounty","8, 9, 11","(1.13459e+006,168921) / 467251.46","No","1936524","622","863.12","31.0","0.72","0.66","48.481701","< 0.00000000000000001"
"203",2020-07-05,"7",1,"SnohomishCounty","4","(1.34135e+006,991759) / 0","Yes","822083","225","366.41","26.4","0.61","0.59","34.939041","0.000000000000045"
"204",2020-07-05,"8",4,"WahkiakumCounty, PacificCounty, CowlitzCounty, ThurstonCounty","6","(899146,363108) / 277484.75","Yes","428088","91","190.80","20.5","0.48","0.46","33.966135","0.00000000000012"
"205",2020-07-05,"9",4,"KlickitatCounty, YakimaCounty, SkamaniaCounty, BentonCounty","1, 6","(1.56668e+006,197511) / 350777.90","Yes","489771","320","218.29","63.0","1.47","1.51","22.333507","0.0000000089"
"206",2020-07-05,"10",1,"GraysHarborCounty","No Overlap","(812614,677769) / 0","Yes","75061","71","33.46","91.2","2.12","2.15","16.091382","0.0000037"
"207",2020-07-05,"11",1,"PierceCounty","6","(1.23248e+006,625805) / 0","Yes","904980","330","403.35","35.1","0.82","0.80","8.008226","0.013"
"208",2020-07-05,"12",4,"JeffersonCounty, ClallamCounty, MasonCounty, KitsapCounty","No Overlap","(884182,906149) / 233673.40","No","447793","161","199.58","34.6","0.81","0.80","4.228286","0.284"
"209",2020-07-12,"1",5,"AdamsCounty, FranklinCounty, LincolnCounty, GrantCounty, WhitmanCounty","No Overlap","(2.12431e+006,607716) / 261015.43","Yes","273981","687","121.83","241.6","5.64","6.82","675.178364","< 0.00000000000000001"
"210",2020-07-12,"2",13,"PacificCounty, WahkiakumCounty, GraysHarborCounty, ThurstonCounty, CowlitzCounty, MasonCounty, LewisCounty, ClarkCounty, PierceCounty, JeffersonCounty, KitsapCounty, SkamaniaCounty, ClallamCounty","4, 6, 7, 8","(815687,461225) / 570426.80","No","2436953","690","1083.60","27.3","0.64","0.54","114.043505","< 0.00000000000000001"
"211",2020-07-12,"3",6,"SkagitCounty, WhatcomCounty, SnohomishCounty, IslandCounty, SanJuanCounty, KingCounty","4, 9","(1.32441e+006,1.15149e+006) / 362166.92","No","3536040","1165","1572.32","31.8","0.74","0.61","100.669368","< 0.00000000000000001"
"212",2020-07-12,"4",7,"SanJuanCounty, IslandCounty, WhatcomCounty, ClallamCounty, SkagitCounty, JeffersonCounty, KitsapCounty","2, 3","(1.04005e+006,1.18764e+006) / 346597.00","Yes","842200","168","374.49","19.2","0.45","0.42","78.742750","< 0.00000000000000001"
"213",2020-07-12,"5",2,"ChelanCounty, DouglasCounty","No Overlap","(1.61141e+006,924343) / 232370.80","Yes","120629","148","53.64","118.2","2.76","2.84","57.199568","< 0.00000000000000001"
"214",2020-07-12,"6",5,"WahkiakumCounty, PacificCounty, CowlitzCounty, ThurstonCounty, LewisCounty","2","(899146,363108) / 282563.86","Yes","508795","105","226.24","19.9","0.46","0.45","42.933995","< 0.00000000000000001"
"215",2020-07-12,"7",4,"KlickitatCounty, YakimaCounty, SkamaniaCounty, BentonCounty","2","(1.56668e+006,197511) / 350777.90","Yes","489771","338","217.78","66.5","1.55","1.61","30.662301","0.0000000000017"
"216",2020-07-12,"8",1,"PierceCounty","2","(1.23248e+006,625805) / 0","Yes","904980","283","402.40","30.1","0.70","0.68","22.143250","0.0000000077"
"217",2020-07-12,"9",1,"SnohomishCounty","3","(1.34135e+006,991759) / 0","Yes","822083","257","365.54","30.1","0.70","0.68","19.927330","0.000000069"
"218",2020-07-19,"1",5,"AdamsCounty, FranklinCounty, LincolnCounty, GrantCounty, WhitmanCounty","No Overlap","(2.12431e+006,607716) / 261015.43","Yes","273981","713","113.70","250.8","6.27","7.81","772.981567","< 0.00000000000000001"
"219",2020-07-19,"2",5,"SnohomishCounty, SkagitCounty, KingCounty, IslandCounty, KitsapCounty","3, 4","(1.34135e+006,991759) / 271728.44","No","3560684","954","1477.60","25.8","0.65","0.49","180.351171","< 0.00000000000000001"
"220",2020-07-19,"3",9,"SanJuanCounty, IslandCounty, WhatcomCounty, ClallamCounty, SkagitCounty, JeffersonCounty, KitsapCounty, SnohomishCounty, MasonCounty","2","(1.04005e+006,1.18764e+006) / 445497.66","Yes","1731051","339","718.35","18.9","0.47","0.41","152.823763","< 0.00000000000000001"
"221",2020-07-19,"4",1,"KingCounty","2","(1.31014e+006,789600) / 0","Yes","2252782","684","934.85","29.3","0.73","0.66","50.785935","< 0.00000000000000001"
"222",2020-07-19,"5",2,"ChelanCounty, DouglasCounty","No Overlap","(1.61141e+006,924343) / 232370.80","Yes","120629","127","50.06","101.5","2.54","2.60","42.255077","< 0.00000000000000001"
"223",2020-07-19,"6",2,"PierceCounty, ThurstonCounty","7","(1.23248e+006,625805) / 178049.36","Yes","1195516","325","496.11","26.2","0.66","0.62","39.025703","0.00000000000000011"
"224",2020-07-19,"7",6,"LewisCounty, CowlitzCounty, ThurstonCounty, PierceCounty, SkamaniaCounty, WahkiakumCounty","6","(1.1646e+006,459931) / 282563.86","No","1403387","414","582.37","28.4","0.71","0.67","32.480431","0.00000000000011"
"225",2020-07-26,"1",16,"FranklinCounty, WallaWallaCounty, AdamsCounty, BentonCounty, ColumbiaCounty, GrantCounty, GarfieldCounty, WhitmanCounty, LincolnCounty, AsotinCounty, YakimaCounty, DouglasCounty, KittitasCounty, KlickitatCounty, SpokaneCounty, ChelanCounty","2, 9","(2.04323e+006,442195) / 647248.69","No","1532583","1201","537.77","75.5","2.23","3.24","417.525473","< 0.00000000000000001"
"226",2020-07-26,"2",15,"PendOreilleCounty, StevensCounty, FerryCounty, SpokaneCounty, LincolnCounty, OkanoganCounty, WhitmanCounty, AdamsCounty, DouglasCounty, GrantCounty, GarfieldCounty, ColumbiaCounty, FranklinCounty, ChelanCounty, AsotinCounty","1","(2.4223e+006,1.18238e+006) / 853565.51","Yes","1055517","946","370.37","86.4","2.55","3.41","390.337157","< 0.00000000000000001"
"227",2020-07-26,"3",5,"SnohomishCounty, SkagitCounty, KingCounty, IslandCounty, KitsapCounty","4, 7","(1.34135e+006,991759) / 271728.44","No","3560684","812","1249.41","22.0","0.65","0.50","148.750910","< 0.00000000000000001"
"228",2020-07-26,"4",2,"SnohomishCounty, SkagitCounty","3","(1.34135e+006,991759) / 160623.31","Yes","951288","167","333.80","16.9","0.50","0.47","56.956586","< 0.00000000000000001"
"229",2020-07-26,"5",4,"WahkiakumCounty, PacificCounty, CowlitzCounty, ThurstonCounty","No Overlap","(899146,363108) / 277484.75","Yes","428088","56","150.21","12.6","0.37","0.36","40.695602","0.00000000000000011"
"230",2020-07-26,"6",1,"GraysHarborCounty","No Overlap","(812614,677769) / 0","Yes","75061","72","26.34","92.4","2.73","2.78","27.140927","0.000000000078"
"231",2020-07-26,"7",3,"IslandCounty, SanJuanCounty, KitsapCounty","3","(1.13394e+006,1.03858e+006) / 191713.97","Yes","374196","63","131.30","16.2","0.48","0.47","22.947030","0.0000000046"
"232",2020-07-26,"8",1,"PierceCounty","No Overlap","(1.23248e+006,625805) / 0","Yes","904980","229","317.55","24.4","0.72","0.70","15.331421","0.0000073"
"233",2020-07-26,"9",4,"YakimaCounty, KlickitatCounty, KittitasCounty, BentonCounty","1","(1.58048e+006,409697) / 319817.65","Yes","525623","236","184.44","43.3","1.28","1.31","7.154903","0.021"
"234",2020-07-26,"10",1,"SkamaniaCounty","No Overlap","(1.28088e+006,254383) / 0","No","12083","0","4.24","0","0","0","4.243187","0.290"
"235",2020-08-02,"1",10,"WhitmanCounty, GarfieldCounty, ColumbiaCounty, AdamsCounty, SpokaneCounty, AsotinCounty, LincolnCounty, WallaWallaCounty, FranklinCounty, GrantCounty","No Overlap","(2.38439e+006,585653) / 493749.23","Yes","886331","907","342.20","98.6","2.65","3.39","385.701579","< 0.00000000000000001"
"236",2020-08-02,"2",5,"SnohomishCounty, SkagitCounty, KingCounty, IslandCounty, KitsapCounty","3, 4","(1.34135e+006,991759) / 271728.44","No","3560684","791","1374.73","21.4","0.58","0.42","243.914831","< 0.00000000000000001"
"237",2020-08-02,"3",6,"IslandCounty, SanJuanCounty, KitsapCounty, SnohomishCounty, SkagitCounty, JeffersonCounty","2","(1.13394e+006,1.03858e+006) / 282694.95","Yes","1357705","229","524.19","16.3","0.44","0.39","122.889938","< 0.00000000000000001"
"238",2020-08-02,"4",1,"KingCounty","2","(1.31014e+006,789600) / 0","Yes","2252782","562","869.77","24.0","0.65","0.56","84.148711","< 0.00000000000000001"
"239",2020-08-02,"5",1,"ThurstonCounty","No Overlap","(1.05793e+006,590671) / 0","Yes","290536","42","112.17","13.9","0.37","0.37","29.776094","0.0000000000017"
"240",2020-08-02,"6",3,"PacificCounty, WahkiakumCounty, GraysHarborCounty","No Overlap","(815687,461225) / 216565.26","Yes","102020","83","39.39","78.4","2.11","2.14","18.583509","0.00000015"
"241",2020-08-02,"7",6,"SkamaniaCounty, ClarkCounty, CowlitzCounty, LewisCounty, KlickitatCounty, YakimaCounty","No Overlap","(1.28088e+006,254383) / 337470.59","Yes","964922","464","372.54","46.3","1.25","1.29","12.054667","0.00012"
"242",2020-08-09,"1",10,"WhitmanCounty, GarfieldCounty, ColumbiaCounty, AdamsCounty, SpokaneCounty, AsotinCounty, LincolnCounty, WallaWallaCounty, FranklinCounty, GrantCounty","No Overlap","(2.38439e+006,585653) / 493749.23","Yes","886331","1050","407.38","114.2","2.58","3.25","423.458211","< 0.00000000000000001"
"243",2020-08-09,"2",5,"SnohomishCounty, SkagitCounty, KingCounty, IslandCounty, KitsapCounty","3, 4","(1.34135e+006,991759) / 271728.44","No","3560684","1044","1636.58","28.3","0.64","0.48","208.823685","< 0.00000000000000001"
"244",2020-08-09,"3",9,"SanJuanCounty, IslandCounty, WhatcomCounty, ClallamCounty, SkagitCounty, JeffersonCounty, KitsapCounty, SnohomishCounty, MasonCounty","2","(1.04005e+006,1.18764e+006) / 445497.66","Yes","1731051","461","795.64","25.7","0.58","0.52","102.946865","< 0.00000000000000001"
"245",2020-08-09,"4",1,"KingCounty","2","(1.31014e+006,789600) / 0","Yes","2252782","684","1035.44","29.3","0.66","0.58","91.780022","< 0.00000000000000001"
"246",2020-08-09,"5",2,"PierceCounty, ThurstonCounty","7","(1.23248e+006,625805) / 178049.36","Yes","1195516","448","549.49","36.1","0.82","0.79","11.735368","0.00021"
"247",2020-08-09,"6",1,"LewisCounty","No Overlap","(1.1646e+006,459931) / 0","Yes","80707","69","37.10","82.4","1.86","1.88","11.065502","0.00041"
"248",2020-08-09,"7",1,"ThurstonCounty","5","(1.05793e+006,590671) / 0","No","290536","86","133.54","28.5","0.64","0.64","10.028662","0.0011"
"249",2020-08-09,"8",3,"PacificCounty, WahkiakumCounty, GraysHarborCounty","No Overlap","(815687,461225) / 216565.26","No","102020","67","46.89","63.3","1.43","1.44","3.859742","0.387"
"250",2020-08-16,"1",13,"WhitmanCounty, GarfieldCounty, ColumbiaCounty, AdamsCounty, SpokaneCounty, AsotinCounty, LincolnCounty, WallaWallaCounty, FranklinCounty, GrantCounty, StevensCounty, BentonCounty, PendOreilleCounty","2, 10","(2.38439e+006,585653) / 597932.02","No","1150168","1124","578.94","94.2","1.94","2.33","249.089558","< 0.00000000000000001"
"251",2020-08-16,"2",12,"SpokaneCounty, LincolnCounty, WhitmanCounty, StevensCounty, PendOreilleCounty, AdamsCounty, FerryCounty, GarfieldCounty, ColumbiaCounty, AsotinCounty, GrantCounty, FranklinCounty","1","(2.40375e+006,848913) / 543506.42","Yes","892645","931","449.32","100.5","2.07","2.42","232.616342","< 0.00000000000000001"
"252",2020-08-16,"3",8,"SanJuanCounty, IslandCounty, WhatcomCounty, ClallamCounty, SkagitCounty, JeffersonCounty, KitsapCounty, SnohomishCounty","4, 5","(1.04005e+006,1.18764e+006) / 359373.54","No","1664283","470","837.73","27.2","0.56","0.50","117.787504","< 0.00000000000000001"
"253",2020-08-16,"4",6,"SanJuanCounty, IslandCounty, WhatcomCounty, ClallamCounty, SkagitCounty, JeffersonCounty","3","(1.04005e+006,1.18764e+006) / 321761.39","Yes","570727","100","287.28","16.9","0.35","0.33","86.611455","< 0.00000000000000001"
"254",2020-08-16,"5",1,"SnohomishCounty","3","(1.34135e+006,991759) / 0","Yes","822083","275","413.80","32.2","0.66","0.64","29.211739","0.0000000000055"
"255",2020-08-16,"6",2,"KingCounty, PierceCounty","9","(1.31014e+006,789600) / 181272.91","No","3157762","1421","1589.48","43.4","0.89","0.83","15.435543","0.0000050"
"256",2020-08-16,"7",1,"LewisCounty","No Overlap","(1.1646e+006,459931) / 0","Yes","80707","75","40.62","89.6","1.85","1.86","11.764672","0.00019"
"257",2020-08-16,"8",4,"WahkiakumCounty, PacificCounty, CowlitzCounty, ThurstonCounty","No Overlap","(899146,363108) / 277484.75","Yes","428088","150","215.48","33.8","0.70","0.68","11.734332","0.00020"
"258",2020-08-16,"9",1,"PierceCounty","6","(1.23248e+006,625805) / 0","Yes","904980","364","455.53","38.8","0.80","0.78","11.110464","0.00037"
"259",2020-08-16,"10",4,"YakimaCounty, KlickitatCounty, KittitasCounty, BentonCounty","1","(1.58048e+006,409697) / 319817.65","Yes","525623","333","264.58","61.1","1.26","1.28","8.831069","0.0036"
"260",2020-08-16,"11",1,"OkanoganCounty","No Overlap","(1.82458e+006,1.17369e+006) / 0","No","42243","9","21.26","20.5","0.42","0.42","4.545158","0.223"
"261",2020-08-16,"12",1,"SkamaniaCounty","No Overlap","(1.28088e+006,254383) / 0","No","12083","1","6.08","8.0","0.16","0.16","3.280079","0.573"
"262",2020-08-23,"1",13,"FerryCounty, StevensCounty, OkanoganCounty, PendOreilleCounty, LincolnCounty, DouglasCounty, SpokaneCounty, GrantCounty, AdamsCounty, ChelanCounty, WhitmanCounty, FranklinCounty, KittitasCounty","No Overlap","(2.12176e+006,1.14961e+006) / 723046.58","Yes","1074660","1291","623.78","115.8","2.07","2.51","334.232240","< 0.00000000000000001"
"263",2020-08-23,"2",7,"SanJuanCounty, IslandCounty, WhatcomCounty, ClallamCounty, SkagitCounty, JeffersonCounty, KitsapCounty","No Overlap","(1.04005e+006,1.18764e+006) / 346597.00","Yes","842200","203","488.85","23.2","0.42","0.39","117.591629","< 0.00000000000000001"
"264",2020-08-23,"3",2,"KingCounty, PierceCounty","4","(1.31014e+006,789600) / 181272.91","No","3157762","1589","1832.90","48.5","0.87","0.79","28.150347","0.000000000017"
"265",2020-08-23,"4",1,"KingCounty","3","(1.31014e+006,789600) / 0","Yes","2252782","1095","1307.61","46.8","0.84","0.78","25.407325","0.00000000026"
"266",2020-08-23,"5",3,"LewisCounty, CowlitzCounty, ThurstonCounty","No Overlap","(1.1646e+006,459931) / 168736.14","Yes","481836","188","279.68","37.6","0.67","0.66","18.012424","0.00000041"
"267",2020-08-30,"1",13,"AdamsCounty, FranklinCounty, LincolnCounty, GrantCounty, WhitmanCounty, WallaWallaCounty, ColumbiaCounty, GarfieldCounty, BentonCounty, SpokaneCounty, DouglasCounty, AsotinCounty, KittitasCounty","No Overlap","(2.12431e+006,607716) / 530141.48","Yes","1182085","1313","697.62","107.0","1.88","2.25","267.769287","< 0.00000000000000001"
"268",2020-08-30,"2",7,"SanJuanCounty, IslandCounty, WhatcomCounty, ClallamCounty, SkagitCounty, JeffersonCounty, KitsapCounty","No Overlap","(1.04005e+006,1.18764e+006) / 346597.00","Yes","842200","176","497.03","20.1","0.35","0.33","150.874655","< 0.00000000000000001"
"269",2020-08-30,"3",1,"KingCounty","No Overlap","(1.31014e+006,789600) / 0","Yes","2252782","1077","1329.50","46.1","0.81","0.75","35.474469","0.000000000000060"
"270",2020-08-30,"4",1,"OkanoganCounty","No Overlap","(1.82458e+006,1.17369e+006) / 0","Yes","42243","5","24.93","11.4","0.20","0.20","11.941284","0.00026"
"271",2020-08-30,"5",7,"PacificCounty, WahkiakumCounty, GraysHarborCounty, ThurstonCounty, CowlitzCounty, MasonCounty, LewisCounty","6","(815687,461225) / 348918.95","Yes","650624","318","383.97","47.1","0.83","0.82","6.549824","0.047"
"272",2020-08-30,"6",2,"CowlitzCounty, LewisCounty","5","(1.08827e+006,321229) / 158317.88","No","191300","83","112.90","41.8","0.74","0.73","4.465179","0.243"
"273",2020-09-06,"1",5,"PierceCounty, ThurstonCounty, LewisCounty, KingCounty, KitsapCounty","No Overlap","(1.23248e+006,625805) / 253694.22","No","3800478","0","0.50","0","0","0","0.691319","0.502"
"274",2020-09-13,"1",8,"AsotinCounty, GarfieldCounty, ColumbiaCounty, WhitmanCounty, WallaWallaCounty, FranklinCounty, AdamsCounty, SpokaneCounty","No Overlap","(2.47512e+006,330453) / 523349.12","Yes","777659","1117","529.20","138.4","2.11","2.42","285.433640","< 0.00000000000000001"
"275",2020-09-13,"2",7,"SanJuanCounty, IslandCounty, WhatcomCounty, ClallamCounty, SkagitCounty, JeffersonCounty, KitsapCounty","No Overlap","(1.04005e+006,1.18764e+006) / 346597.00","Yes","842200","225","573.12","25.7","0.39","0.37","150.577269","< 0.00000000000000001"
"276",2020-09-13,"3",3,"WahkiakumCounty, PacificCounty, CowlitzCounty","No Overlap","(899146,363108) / 193709.48","Yes","137552","29","93.61","20.3","0.31","0.31","31.031776","0.0000000000016"
"277",2020-09-13,"4",1,"KingCounty","No Overlap","(1.31014e+006,789600) / 0","Yes","2252782","1388","1533.04","59.4","0.91","0.87","9.933061","0.0014"
"278",2020-09-13,"5",1,"KlickitatCounty","No Overlap","(1.56668e+006,197511) / 0","Yes","22425","3","15.26","12.9","0.20","0.20","7.394992","0.015"
"279",2020-09-13,"6",1,"KittitasCounty","No Overlap","(1.59612e+006,653126) / 0","No","47935","52","32.62","104.5","1.59","1.60","4.904950","0.174"
"280",2020-09-13,"7",1,"PierceCounty","No Overlap","(1.23248e+006,625805) / 0","No","904980","667","615.85","71.0","1.08","1.10","2.355557","0.886"
"281",2020-09-20,"1",9,"AsotinCounty, GarfieldCounty, ColumbiaCounty, WhitmanCounty, WallaWallaCounty, FranklinCounty, AdamsCounty, SpokaneCounty, BentonCounty","2, 6","(2.47512e+006,330453) / 584428.84","No","982049","1713","884.57","168.1","1.94","2.25","363.987749","< 0.00000000000000001"
"282",2020-09-20,"2",8,"AsotinCounty, GarfieldCounty, ColumbiaCounty, WhitmanCounty, WallaWallaCounty, FranklinCounty, AdamsCounty, SpokaneCounty","1","(2.47512e+006,330453) / 523349.12","Yes","777659","1398","700.46","173.2","2.00","2.25","309.642819","< 0.00000000000000001"
"283",2020-09-20,"3",7,"SanJuanCounty, IslandCounty, WhatcomCounty, ClallamCounty, SkagitCounty, JeffersonCounty, KitsapCounty","No Overlap","(1.04005e+006,1.18764e+006) / 346597.00","Yes","842200","306","758.60","35.0","0.40","0.38","191.174246","< 0.00000000000000001"
"284",2020-09-20,"4",7,"PacificCounty, WahkiakumCounty, GraysHarborCounty, ThurstonCounty, CowlitzCounty, MasonCounty, LewisCounty","5","(815687,461225) / 348918.95","Yes","650624","362","586.04","53.6","0.62","0.60","53.602648","< 0.00000000000000001"
"285",2020-09-20,"5",3,"LewisCounty, CowlitzCounty, ThurstonCounty","4","(1.1646e+006,459931) / 168736.14","No","481836","295","434.01","59.0","0.68","0.67","26.604671","0.00000000064"
"286",2020-09-20,"6",4,"YakimaCounty, KlickitatCounty, KittitasCounty, BentonCounty","1, 12","(1.58048e+006,409697) / 319817.65","Yes","525623","589","473.45","108.0","1.24","1.27","14.128369","0.000051"
"287",2020-09-20,"7",1,"ChelanCounty","12","(1.61141e+006,924343) / 0","Yes","77200","115","69.54","143.6","1.65","1.66","12.543140","0.00021"
"288",2020-09-20,"8",1,"SnohomishCounty","No Overlap","(1.34135e+006,991759) / 0","Yes","822083","618","740.48","72.4","0.83","0.82","11.956903","0.00036"
"289",2020-09-20,"9",1,"SkamaniaCounty","No Overlap","(1.28088e+006,254383) / 0","Yes","12083","1","10.88","8.0","0.092","0.092","7.503454","0.024"
"290",2020-09-20,"10",3,"OkanoganCounty, DouglasCounty, FerryCounty","No Overlap","(1.82458e+006,1.17369e+006) / 298157.04","Yes","93299","53","84.04","54.7","0.63","0.63","6.677074","0.040"
"291",2020-09-20,"11",1,"ClarkCounty","No Overlap","(1.13459e+006,168921) / 0","No","488241","499","439.78","98.5","1.13","1.15","4.094041","0.350"
"292",2020-09-20,"12",3,"KittitasCounty, YakimaCounty, ChelanCounty","6, 7","(1.59612e+006,653126) / 271648.09","No","376008","386","338.68","98.9","1.14","1.15","3.333327","0.569"
"293",2020-09-20,"13",2,"KingCounty, PierceCounty","14","(1.31014e+006,789600) / 181272.91","No","3157762","2773","2844.31","84.6","0.97","0.96","1.530922","0.994"
"294",2020-09-20,"14",1,"PierceCounty","13","(1.23248e+006,625805) / 0","No","904980","769","815.15","81.9","0.94","0.94","1.507339","0.995"
"295",2020-09-27,"1",9,"AsotinCounty, GarfieldCounty, ColumbiaCounty, WhitmanCounty, WallaWallaCounty, FranklinCounty, AdamsCounty, SpokaneCounty, BentonCounty","No Overlap","(2.47512e+006,330453) / 584428.84","Yes","982049","2752","1442.98","270.1","1.91","2.20","559.851190","< 0.00000000000000001"
"296",2020-09-27,"2",7,"SanJuanCounty, IslandCounty, WhatcomCounty, ClallamCounty, SkagitCounty, JeffersonCounty, KitsapCounty","No Overlap","(1.04005e+006,1.18764e+006) / 346597.00","Yes","842200","542","1237.49","62.0","0.44","0.41","271.786471","< 0.00000000000000001"
"297",2020-09-27,"3",7,"PacificCounty, WahkiakumCounty, GraysHarborCounty, ThurstonCounty, CowlitzCounty, MasonCounty, LewisCounty","4","(815687,461225) / 348918.95","Yes","650624","661","956.00","97.9","0.69","0.67","55.299944","< 0.00000000000000001"
"298",2020-09-27,"4",12,"ClarkCounty, CowlitzCounty, SkamaniaCounty, LewisCounty, WahkiakumCounty, ThurstonCounty, PacificCounty, KlickitatCounty, PierceCounty, YakimaCounty, MasonCounty, GraysHarborCounty","3, 5, 8, 9","(1.13459e+006,168921) / 602160.39","No","2329226","2984","3422.47","123.5","0.87","0.83","41.519917","0.00000000000000044"
"299",2020-09-27,"5",3,"KlickitatCounty, YakimaCounty, SkamaniaCounty","4","(1.56668e+006,197511) / 291402.71","Yes","285381","266","419.33","89.8","0.63","0.63","33.342038","0.00000000000087"
"300",2020-09-27,"6",1,"OkanoganCounty","No Overlap","(1.82458e+006,1.17369e+006) / 0","Yes","42243","12","62.07","27.4","0.19","0.19","30.462268","0.000000000012"
"301",2020-09-27,"7",2,"ChelanCounty, DouglasCounty","No Overlap","(1.61141e+006,924343) / 232370.80","Yes","120629","270","177.25","215.7","1.52","1.54","21.275653","0.000000058"
"302",2020-09-27,"8",1,"ClarkCounty","4","(1.13459e+006,168921) / 0","Yes","488241","835","717.40","164.8","1.16","1.18","9.814196","0.0022"
"303",2020-09-27,"9",1,"PierceCounty","4","(1.23248e+006,625805) / 0","No","904980","1222","1329.74","130.1","0.92","0.91","5.074099","0.168"
"304",2020-10-04,"1",12,"AdamsCounty, FranklinCounty, LincolnCounty, GrantCounty, WhitmanCounty, WallaWallaCounty, ColumbiaCounty, GarfieldCounty, BentonCounty, SpokaneCounty, DouglasCounty, AsotinCounty","2, 7, 10","(2.12431e+006,607716) / 447151.18","No","1134150","4210","2315.84","357.7","1.82","2.12","764.650015","< 0.00000000000000001"
"305",2020-10-04,"2",10,"WhitmanCounty, GarfieldCounty, ColumbiaCounty, AdamsCounty, SpokaneCounty, AsotinCounty, LincolnCounty, WallaWallaCounty, FranklinCounty, GrantCounty","1","(2.38439e+006,585653) / 493749.23","Yes","886331","3372","1809.82","366.6","1.86","2.10","628.530278","< 0.00000000000000001"
"306",2020-10-04,"3",8,"ClallamCounty, JeffersonCounty, SanJuanCounty, IslandCounty, MasonCounty, GraysHarborCounty, KitsapCounty, ThurstonCounty","4, 6","(801611,1.03148e+006) / 509912.75","No","916113","908","1870.63","95.5","0.49","0.45","339.444951","< 0.00000000000000001"
"307",2020-10-04,"4",7,"ClallamCounty, JeffersonCounty, SanJuanCounty, IslandCounty, MasonCounty, GraysHarborCounty, KitsapCounty","3","(801611,1.03148e+006) / 359191.29","Yes","625577","518","1277.38","79.8","0.41","0.39","311.690365","< 0.00000000000000001"
"308",2020-10-04,"5",1,"WhatcomCounty","No Overlap","(1.30964e+006,1.27888e+006) / 0","Yes","229247","212","468.10","89.1","0.45","0.45","90.340260","< 0.00000000000000001"
"309",2020-10-04,"6",3,"LewisCounty, CowlitzCounty, ThurstonCounty","3","(1.1646e+006,459931) / 168736.14","Yes","481836","686","983.87","137.2","0.70","0.68","53.512759","< 0.00000000000000001"
"310",2020-10-04,"7",2,"ChelanCounty, DouglasCounty","1","(1.61141e+006,924343) / 232370.80","Yes","120629","414","246.31","330.7","1.68","1.70","48.208771","< 0.00000000000000001"
"311",2020-10-04,"8",1,"OkanoganCounty","No Overlap","(1.82458e+006,1.17369e+006) / 0","Yes","42243","23","86.26","52.5","0.27","0.27","32.983826","0.00000000000051"
"312",2020-10-04,"9",1,"SnohomishCounty","No Overlap","(1.34135e+006,991759) / 0","Yes","822083","1396","1678.63","163.6","0.83","0.82","28.113366","0.000000000052"
"313",2020-10-04,"10",4,"KlickitatCounty, YakimaCounty, SkamaniaCounty, BentonCounty","1","(1.56668e+006,197511) / 350777.90","Yes","489771","1234","1000.07","242.8","1.23","1.25","27.335666","0.00000000011"
"314",2020-10-04,"11",2,"KingCounty, PierceCounty","12","(1.31014e+006,789600) / 181272.91","No","3157762","6163","6447.90","188.1","0.96","0.93","10.802105","0.00073"
"315",2020-10-04,"12",1,"PierceCounty","11","(1.23248e+006,625805) / 0","No","904980","1753","1847.90","186.7","0.95","0.94","2.807342","0.762"
"316",2020-10-11,"1",17,"AdamsCounty, FranklinCounty, LincolnCounty, GrantCounty, WhitmanCounty, WallaWallaCounty, ColumbiaCounty, GarfieldCounty, BentonCounty, SpokaneCounty, DouglasCounty, AsotinCounty, KittitasCounty, FerryCounty, StevensCounty, YakimaCounty, ChelanCounty","2, 6, 7","(2.12431e+006,607716) / 602758.45","No","1563508","6361","3938.70","392.1","1.62","1.92","830.289547","< 0.00000000000000001"
"317",2020-10-11,"2",10,"WhitmanCounty, GarfieldCounty, ColumbiaCounty, AdamsCounty, SpokaneCounty, AsotinCounty, LincolnCounty, WallaWallaCounty, FranklinCounty, GrantCounty","1","(2.38439e+006,585653) / 493749.23","Yes","886331","3903","2232.79","424.4","1.75","1.94","594.719460","< 0.00000000000000001"
"318",2020-10-11,"3",8,"ClallamCounty, JeffersonCounty, SanJuanCounty, IslandCounty, MasonCounty, GraysHarborCounty, KitsapCounty, ThurstonCounty","4, 5","(801611,1.03148e+006) / 509912.75","No","916113","1076","2307.82","113.2","0.47","0.43","454.677815","< 0.00000000000000001"
"319",2020-10-11,"4",7,"SanJuanCounty, IslandCounty, WhatcomCounty, ClallamCounty, SkagitCounty, JeffersonCounty, KitsapCounty","3","(1.04005e+006,1.18764e+006) / 346597.00","Yes","842200","1038","2121.62","118.8","0.49","0.46","375.276993","< 0.00000000000000001"
"320",2020-10-11,"5",3,"ThurstonCounty, LewisCounty, MasonCounty","3","(1.05793e+006,590671) / 176636.00","Yes","438011","654","1103.41","143.9","0.59","0.58","112.873886","< 0.00000000000000001"
"321",2020-10-11,"6",2,"ChelanCounty, DouglasCounty","1","(1.61141e+006,924343) / 232370.80","Yes","120629","565","303.88","451.4","1.86","1.89","91.101712","< 0.00000000000000001"
"322",2020-10-11,"7",4,"YakimaCounty, KlickitatCounty, KittitasCounty, BentonCounty","1","(1.58048e+006,409697) / 319817.65","Yes","525623","1745","1324.12","319.9","1.32","1.35","65.750422","< 0.00000000000000001"
"323",2020-10-11,"8",2,"WahkiakumCounty, PacificCounty","No Overlap","(899146,363108) / 128811.09","Yes","26959","164","67.91","586.2","2.41","2.43","48.742901","< 0.00000000000000001"
"324",2020-10-11,"9",1,"SnohomishCounty","No Overlap","(1.34135e+006,991759) / 0","Yes","822083","1712","2070.94","200.7","0.83","0.81","36.816646","0.000000000000036"
"325",2020-10-11,"10",1,"KingCounty","No Overlap","(1.31014e+006,789600) / 0","No","2252782","5274","5675.08","225.6","0.93","0.90","20.415424","0.00000013"
"326",2020-10-11,"11",1,"SkamaniaCounty","No Overlap","(1.28088e+006,254383) / 0","No","12083","13","30.44","103.7","0.43","0.43","6.386742","0.058"
"327",2020-10-18,"1",17,"AdamsCounty, FranklinCounty, LincolnCounty, GrantCounty, WhitmanCounty, WallaWallaCounty, ColumbiaCounty, GarfieldCounty, BentonCounty, SpokaneCounty, DouglasCounty, AsotinCounty, KittitasCounty, FerryCounty, StevensCounty, YakimaCounty, ChelanCounty","2, 6, 7","(2.12431e+006,607716) / 602758.45","No","1563508","5441","3415.54","335.4","1.59","1.88","671.782235","< 0.00000000000000001"
"328",2020-10-18,"2",8,"AsotinCounty, GarfieldCounty, ColumbiaCounty, WhitmanCounty, WallaWallaCounty, FranklinCounty, AdamsCounty, SpokaneCounty","1","(2.47512e+006,330453) / 523349.12","Yes","777659","3081","1698.82","381.8","1.81","2.00","518.021167","< 0.00000000000000001"
"329",2020-10-18,"3",9,"ClallamCounty, JeffersonCounty, SanJuanCounty, IslandCounty, MasonCounty, GraysHarborCounty, KitsapCounty, ThurstonCounty, SkagitCounty","4, 5","(801611,1.03148e+006) / 536393.30","No","1045318","1140","2283.53","105.1","0.50","0.46","395.975149","< 0.00000000000000001"
"330",2020-10-18,"4",7,"SanJuanCounty, IslandCounty, WhatcomCounty, ClallamCounty, SkagitCounty, JeffersonCounty, KitsapCounty","3","(1.04005e+006,1.18764e+006) / 346597.00","Yes","842200","842","1839.82","96.3","0.46","0.43","372.589453","< 0.00000000000000001"
"331",2020-10-18,"5",4,"PacificCounty, WahkiakumCounty, GraysHarborCounty, ThurstonCounty","3","(815687,461225) / 274661.30","Yes","392556","466","857.55","114.4","0.54","0.53","112.159436","< 0.00000000000000001"
"332",2020-10-18,"6",2,"ChelanCounty, DouglasCounty","1","(1.61141e+006,924343) / 232370.80","Yes","120629","525","263.52","419.4","1.99","2.02","102.487313","< 0.00000000000000001"
"333",2020-10-18,"7",4,"YakimaCounty, KlickitatCounty, KittitasCounty, BentonCounty","1","(1.58048e+006,409697) / 319817.65","Yes","525623","1493","1148.24","273.7","1.30","1.33","51.103539","< 0.00000000000000001"
"334",2020-10-18,"8",1,"KingCounty","No Overlap","(1.31014e+006,789600) / 0","No","2252782","4532","4921.28","193.9","0.92","0.89","22.217174","0.000000061"
"335",2020-10-18,"9",1,"SnohomishCounty","No Overlap","(1.34135e+006,991759) / 0","Yes","822083","1628","1795.87","190.8","0.91","0.90","9.048317","0.0062"
"336",2020-10-18,"10",1,"SkamaniaCounty","No Overlap","(1.28088e+006,254383) / 0","Yes","12083","9","26.40","71.8","0.34","0.34","7.721042","0.020"
"337",2020-10-18,"11",1,"CowlitzCounty","No Overlap","(1.08827e+006,321229) / 0","No","110593","197","241.59","171.7","0.82","0.81","4.455834","0.292"
"338",2020-10-18,"12",1,"PierceCounty","No Overlap","(1.23248e+006,625805) / 0","No","904980","2051","1976.96","218.4","1.04","1.04","1.556751","0.996"
"339",2020-10-25,"1",17,"AdamsCounty, FranklinCounty, LincolnCounty, GrantCounty, WhitmanCounty, WallaWallaCounty, ColumbiaCounty, GarfieldCounty, BentonCounty, SpokaneCounty, DouglasCounty, AsotinCounty, KittitasCounty, FerryCounty, StevensCounty, YakimaCounty, ChelanCounty","No Overlap","(2.12431e+006,607716) / 602758.45","Yes","1563508","7068","4199.05","435.7","1.68","2.04","1081.096514","< 0.00000000000000001"
"340",2020-10-25,"2",9,"JeffersonCounty, ClallamCounty, MasonCounty, KitsapCounty, GraysHarborCounty, IslandCounty, SanJuanCounty, ThurstonCounty, KingCounty","3, 4, 5","(884182,906149) / 441613.85","No","3168895","6634","8510.57","201.7","0.78","0.67","364.325616","< 0.00000000000000001"
"341",2020-10-25,"3",7,"SanJuanCounty, IslandCounty, WhatcomCounty, ClallamCounty, SkagitCounty, JeffersonCounty, KitsapCounty","2","(1.04005e+006,1.18764e+006) / 346597.00","Yes","842200","1158","2261.86","132.5","0.51","0.48","361.425432","< 0.00000000000000001"
"342",2020-10-25,"4",1,"ThurstonCounty","2","(1.05793e+006,590671) / 0","Yes","290536","383","780.28","127.0","0.49","0.48","128.715674","< 0.00000000000000001"
"343",2020-10-25,"5",1,"KingCounty","2","(1.31014e+006,789600) / 0","Yes","2252782","5159","6050.20","220.7","0.85","0.80","96.145543","< 0.00000000000000001"
"344",2020-11-01,"1",16,"FranklinCounty, WallaWallaCounty, AdamsCounty, BentonCounty, ColumbiaCounty, GrantCounty, GarfieldCounty, WhitmanCounty, LincolnCounty, AsotinCounty, YakimaCounty, DouglasCounty, KittitasCounty, KlickitatCounty, SpokaneCounty, ChelanCounty","No Overlap","(2.04323e+006,442195) / 647248.69","Yes","1532583","6207","3627.73","390.3","1.71","2.08","1000.544999","< 0.00000000000000001"
"345",2020-11-01,"2",7,"SanJuanCounty, IslandCounty, WhatcomCounty, ClallamCounty, SkagitCounty, JeffersonCounty, KitsapCounty","No Overlap","(1.04005e+006,1.18764e+006) / 346597.00","Yes","842200","891","1993.55","102.0","0.45","0.42","422.074736","< 0.00000000000000001"
"346",2020-11-01,"3",1,"ThurstonCounty","No Overlap","(1.05793e+006,590671) / 0","Yes","290536","347","687.72","115.1","0.50","0.49","106.678303","< 0.00000000000000001"
"347",2020-11-01,"4",2,"KingCounty, PierceCounty","5","(1.31014e+006,789600) / 181272.91","No","3157762","6650","7474.65","202.9","0.89","0.83","78.682401","< 0.00000000000000001"
"348",2020-11-01,"5",1,"KingCounty","4","(1.31014e+006,789600) / 0","Yes","2252782","4580","5332.50","195.9","0.86","0.81","77.662978","< 0.00000000000000001"
"349",2020-11-08,"1",16,"GrantCounty, DouglasCounty, AdamsCounty, FranklinCounty, LincolnCounty, KittitasCounty, BentonCounty, ChelanCounty, YakimaCounty, WallaWallaCounty, WhitmanCounty, OkanoganCounty, ColumbiaCounty, FerryCounty, SpokaneCounty, GarfieldCounty","No Overlap","(1.90055e+006,684059) / 554781.39","Yes","1537446","6310","3480.75","395.5","1.81","2.28","1237.652283","< 0.00000000000000001"
"350",2020-11-08,"2",5,"SnohomishCounty, SkagitCounty, KingCounty, IslandCounty, KitsapCounty","3, 5","(1.34135e+006,991759) / 271728.44","No","3560684","6043","8061.33","163.6","0.75","0.61","484.097841","< 0.00000000000000001"
"351",2020-11-08,"3",7,"SanJuanCounty, IslandCounty, WhatcomCounty, ClallamCounty, SkagitCounty, JeffersonCounty, KitsapCounty","2","(1.04005e+006,1.18764e+006) / 346597.00","Yes","842200","827","1906.73","94.6","0.43","0.41","426.055888","< 0.00000000000000001"
"352",2020-11-08,"4",1,"GraysHarborCounty","No Overlap","(812614,677769) / 0","Yes","75061","540","169.94","693.3","3.18","3.25","258.294074","< 0.00000000000000001"
"353",2020-11-08,"5",1,"KingCounty","2","(1.31014e+006,789600) / 0","Yes","2252782","3941","5100.26","168.6","0.77","0.71","196.714972","< 0.00000000000000001"
"354",2020-11-08,"6",1,"ThurstonCounty","No Overlap","(1.05793e+006,590671) / 0","Yes","290536","355","657.77","117.8","0.54","0.53","86.575124","< 0.00000000000000001"
"355",2020-11-15,"1",16,"GrantCounty, DouglasCounty, AdamsCounty, FranklinCounty, LincolnCounty, KittitasCounty, BentonCounty, ChelanCounty, YakimaCounty, WallaWallaCounty, WhitmanCounty, OkanoganCounty, ColumbiaCounty, FerryCounty, SpokaneCounty, GarfieldCounty","No Overlap","(1.90055e+006,684059) / 554781.39","Yes","1537446","4567","2584.72","286.3","1.77","2.19","823.531124","< 0.00000000000000001"
"356",2020-11-15,"2",9,"JeffersonCounty, ClallamCounty, MasonCounty, KitsapCounty, GraysHarborCounty, IslandCounty, SanJuanCounty, ThurstonCounty, KingCounty","3, 4, 5","(884182,906149) / 441613.85","No","3168895","3904","5327.48","118.7","0.73","0.62","337.496075","< 0.00000000000000001"
"357",2020-11-15,"3",7,"SanJuanCounty, IslandCounty, WhatcomCounty, ClallamCounty, SkagitCounty, JeffersonCounty, KitsapCounty","2","(1.04005e+006,1.18764e+006) / 346597.00","Yes","842200","665","1415.89","76.1","0.47","0.44","272.564130","< 0.00000000000000001"
"358",2020-11-15,"4",1,"KingCounty","2","(1.31014e+006,789600) / 0","Yes","2252782","2985","3787.33","127.7","0.79","0.72","126.406663","< 0.00000000000000001"
"359",2020-11-15,"5",4,"WahkiakumCounty, PacificCounty, CowlitzCounty, ThurstonCounty","2","(899146,363108) / 277484.75","Yes","428088","458","719.69","103.1","0.64","0.62","57.511014","< 0.00000000000000001"
"360",2020-11-22,"1",1,"KingCounty","No Overlap","(1.31014e+006,789600) / 0","No","2252782","2","0.59","4.6","3.38","infinity","2.435880","0.299"
"361",2020-11-22,"2",22,"PendOreilleCounty, StevensCounty, FerryCounty, SpokaneCounty, LincolnCounty, OkanoganCounty, WhitmanCounty, AdamsCounty, DouglasCounty, GrantCounty, GarfieldCounty, ColumbiaCounty, FranklinCounty, ChelanCounty, AsotinCounty, WallaWallaCounty, KittitasCounty, BentonCounty, SnohomishCounty, SkagitCounty, WhatcomCounty, YakimaCounty","No Overlap","(2.4223e+006,1.18238e+006) / 1142672.00","No","2800010","0","0.74","0","0","0","0.916788","0.880"
"362",2020-11-29,"1",16,"FranklinCounty, WallaWallaCounty, AdamsCounty, BentonCounty, ColumbiaCounty, GrantCounty, GarfieldCounty, WhitmanCounty, LincolnCounty, AsotinCounty, YakimaCounty, DouglasCounty, KittitasCounty, KlickitatCounty, SpokaneCounty, ChelanCounty","2, 5","(2.04323e+006,442195) / 647248.69","No","1532583","5487","3379.18","345.0","1.62","1.93","727.076674","< 0.00000000000000001"
"363",2020-11-29,"2",4,"BentonCounty, FranklinCounty, WallaWallaCounty, YakimaCounty","1","(1.89069e+006,331893) / 319817.65","Yes","611245","2787","1347.73","439.4","2.07","2.28","654.869763","< 0.00000000000000001"
"364",2020-11-29,"3",9,"JeffersonCounty, ClallamCounty, MasonCounty, KitsapCounty, GraysHarborCounty, IslandCounty, SanJuanCounty, ThurstonCounty, KingCounty","4, 6","(884182,906149) / 441613.85","No","3168895","4954","6987.06","150.7","0.71","0.59","527.149963","< 0.00000000000000001"
"365",2020-11-29,"4",7,"SanJuanCounty, IslandCounty, WhatcomCounty, ClallamCounty, SkagitCounty, JeffersonCounty, KitsapCounty","3","(1.04005e+006,1.18764e+006) / 346597.00","Yes","842200","1013","1856.96","115.9","0.55","0.52","253.467988","< 0.00000000000000001"
"366",2020-11-29,"5",10,"FerryCounty, StevensCounty, OkanoganCounty, PendOreilleCounty, LincolnCounty, DouglasCounty, SpokaneCounty, GrantCounty, AdamsCounty, ChelanCounty","1","(2.12176e+006,1.14961e+006) / 557854.26","Yes","881399","2573","1943.39","281.3","1.32","1.38","106.017096","< 0.00000000000000001"
"367",2020-11-29,"6",4,"PacificCounty, WahkiakumCounty, GraysHarborCounty, ThurstonCounty","3","(815687,461225) / 274661.30","Yes","392556","561","865.54","137.7","0.65","0.64","64.166705","< 0.00000000000000001"
"368",2020-11-29,"7",3,"CowlitzCounty, LewisCounty, ClarkCounty","No Overlap","(1.08827e+006,321229) / 159195.12","Yes","679541","1649","1498.31","233.9","1.10","1.11","8.080305","0.011"
"369",2020-11-29,"8",1,"PierceCounty","No Overlap","(1.23248e+006,625805) / 0","Yes","904980","2156","1995.38","229.6","1.08","1.09","7.172794","0.024"
"370",2020-11-29,"9",1,"SnohomishCounty","No Overlap","(1.34135e+006,991759) / 0","No","822083","1741","1812.60","204.1","0.96","0.96","1.604121","0.996"
"371",2020-12-06,"1",12,"WallaWallaCounty, ColumbiaCounty, FranklinCounty, GarfieldCounty, BentonCounty, AdamsCounty, AsotinCounty, WhitmanCounty, GrantCounty, LincolnCounty, SpokaneCounty, YakimaCounty","No Overlap","(2.15193e+006,333394) / 576521.30","Yes","1341594","5911","3398.17","424.6","1.74","2.07","969.453822","< 0.00000000000000001"
"372",2020-12-06,"2",9,"JeffersonCounty, ClallamCounty, MasonCounty, KitsapCounty, GraysHarborCounty, IslandCounty, SanJuanCounty, ThurstonCounty, KingCounty","3, 4","(884182,906149) / 441613.85","No","3168895","5797","8026.59","176.3","0.72","0.60","550.573285","< 0.00000000000000001"
"373",2020-12-06,"3",10,"ClallamCounty, JeffersonCounty, SanJuanCounty, IslandCounty, MasonCounty, GraysHarborCounty, KitsapCounty, ThurstonCounty, SkagitCounty, SnohomishCounty","2","(801611,1.03148e+006) / 541195.78","Yes","1867401","3444","4730.00","177.7","0.73","0.67","248.444953","< 0.00000000000000001"
"374",2020-12-06,"4",1,"KingCounty","2","(1.31014e+006,789600) / 0","Yes","2252782","4367","5706.14","186.8","0.77","0.70","235.063672","< 0.00000000000000001"
"375",2020-12-06,"5",1,"PierceCounty","No Overlap","(1.23248e+006,625805) / 0","No","904980","2440","2292.25","259.8","1.06","1.07","5.306517","0.143"
"376",2020-12-13,"1",12,"WallaWallaCounty, ColumbiaCounty, FranklinCounty, GarfieldCounty, BentonCounty, AdamsCounty, AsotinCounty, WhitmanCounty, GrantCounty, LincolnCounty, SpokaneCounty, YakimaCounty","No Overlap","(2.15193e+006,333394) / 576521.30","Yes","1341594","3984","2332.80","286.2","1.71","2.01","612.906514","< 0.00000000000000001"
"377",2020-12-13,"2",9,"JeffersonCounty, ClallamCounty, MasonCounty, KitsapCounty, GraysHarborCounty, IslandCounty, SanJuanCounty, ThurstonCounty, KingCounty","3, 4","(884182,906149) / 441613.85","No","3168895","3852","5510.17","117.1","0.70","0.58","445.465935","< 0.00000000000000001"
"378",2020-12-13,"3",10,"ClallamCounty, JeffersonCounty, SanJuanCounty, IslandCounty, MasonCounty, GraysHarborCounty, KitsapCounty, ThurstonCounty, SkagitCounty, SnohomishCounty","2","(801611,1.03148e+006) / 541195.78","Yes","1867401","2224","3247.09","114.8","0.68","0.62","232.080651","< 0.00000000000000001"
"379",2020-12-13,"4",1,"KingCounty","2","(1.31014e+006,789600) / 0","Yes","2252782","2930","3917.20","125.3","0.75","0.68","186.912968","< 0.00000000000000001"
"380",2020-12-13,"5",2,"LewisCounty, CowlitzCounty","No Overlap","(1.1646e+006,459931) / 158317.88","Yes","191300","510","332.64","256.9","1.53","1.55","41.813583","0.00000000000000011"
"381",2020-12-13,"6",1,"PierceCounty","No Overlap","(1.23248e+006,625805) / 0","No","904980","1661","1573.61","176.9","1.06","1.06","2.711239","0.786"
"382",2020-12-20,"1",12,"WallaWallaCounty, ColumbiaCounty, FranklinCounty, GarfieldCounty, BentonCounty, AdamsCounty, AsotinCounty, WhitmanCounty, GrantCounty, LincolnCounty, SpokaneCounty, YakimaCounty","No Overlap","(2.15193e+006,333394) / 576521.30","Yes","1341594","3004","1826.81","215.8","1.64","1.91","402.037086","< 0.00000000000000001"
"383",2020-12-20,"2",5,"SnohomishCounty, SkagitCounty, KingCounty, IslandCounty, KitsapCounty","3, 4","(1.34135e+006,991759) / 271728.44","No","3560684","3615","4848.49","97.8","0.75","0.61","300.767912","< 0.00000000000000001"
"384",2020-12-20,"3",10,"ClallamCounty, JeffersonCounty, SanJuanCounty, IslandCounty, MasonCounty, GraysHarborCounty, KitsapCounty, ThurstonCounty, SkagitCounty, SnohomishCounty","2, 6","(801611,1.03148e+006) / 541195.78","Yes","1867401","1801","2542.79","92.9","0.71","0.65","154.683342","< 0.00000000000000001"
"385",2020-12-20,"4",1,"KingCounty","2","(1.31014e+006,789600) / 0","Yes","2252782","2383","3067.55","101.9","0.78","0.71","113.930299","< 0.00000000000000001"
"386",2020-12-20,"5",2,"LewisCounty, CowlitzCounty","No Overlap","(1.1646e+006,459931) / 158317.88","Yes","191300","405","260.49","204.0","1.55","1.58","35.264587","0.00000000000014"
"387",2020-12-20,"6",1,"ThurstonCounty","3","(1.05793e+006,590671) / 0","No","290536","326","395.62","108.1","0.82","0.82","6.762053","0.037"
"388",2020-12-27,"1",12,"WallaWallaCounty, ColumbiaCounty, FranklinCounty, GarfieldCounty, BentonCounty, AdamsCounty, AsotinCounty, WhitmanCounty, GrantCounty, LincolnCounty, SpokaneCounty, YakimaCounty","3, 4, 5","(2.15193e+006,333394) / 576521.30","No","1341594","2592","1524.49","186.2","1.70","2.00","392.496692","< 0.00000000000000001"
"389",2020-12-27,"2",9,"JeffersonCounty, ClallamCounty, MasonCounty, KitsapCounty, GraysHarborCounty, IslandCounty, SanJuanCounty, ThurstonCounty, KingCounty","6, 9","(884182,906149) / 441613.85","No","3168895","2523","3600.90","76.7","0.70","0.58","287.964206","< 0.00000000000000001"
"390",2020-12-27,"3",1,"YakimaCounty","1","(1.58048e+006,409697) / 0","Yes","250873","705","285.07","270.8","2.47","2.60","229.133681","< 0.00000000000000001"
"391",2020-12-27,"4",6,"FranklinCounty, WallaWallaCounty, AdamsCounty, BentonCounty, ColumbiaCounty, GrantCounty","1","(2.04323e+006,442195) / 280811.89","Yes","482073","889","547.79","177.7","1.62","1.69","96.532128","< 0.00000000000000001"
"392",2020-12-27,"5",1,"SpokaneCounty","1","(2.40375e+006,848913) / 0","Yes","522798","912","594.07","168.1","1.54","1.60","79.348303","< 0.00000000000000001"
"393",2020-12-27,"6",3,"IslandCounty, SanJuanCounty, KitsapCounty","2","(1.13394e+006,1.03858e+006) / 191713.97","Yes","374196","203","425.21","52.3","0.48","0.46","75.089648","< 0.00000000000000001"
"394",2020-12-27,"7",2,"CowlitzCounty, LewisCounty","No Overlap","(1.08827e+006,321229) / 158317.88","Yes","191300","395","217.38","199.0","1.82","1.86","60.173286","< 0.00000000000000001"
"395",2020-12-27,"8",1,"WhatcomCounty","No Overlap","(1.30964e+006,1.27888e+006) / 0","Yes","229247","387","260.50","162.7","1.49","1.51","27.641592","0.00000000021"
"396",2020-12-27,"9",1,"ThurstonCounty","2","(1.05793e+006,590671) / 0","Yes","290536","232","330.14","77.0","0.70","0.69","16.872630","0.0000038"
"397",2020-12-27,"10",1,"OkanoganCounty","No Overlap","(1.82458e+006,1.17369e+006) / 0","Yes","42243","20","48.00","45.6","0.42","0.42","10.537195","0.0012"
"398",2020-12-27,"11",2,"SkamaniaCounty, ClarkCounty","No Overlap","(1.28088e+006,254383) / 169418.69","Yes","500324","654","568.53","126.0","1.15","1.16","6.578060","0.044"
"399",2020-12-27,"12",1,"ChelanCounty","No Overlap","(1.61141e+006,924343) / 0","No","77200","113","87.72","141.1","1.29","1.29","3.371957","0.570"
"400",2021-01-03,"1",4,"BentonCounty, FranklinCounty, WallaWallaCounty, YakimaCounty","No Overlap","(1.89069e+006,331893) / 319817.65","Yes","611245","114","35.24","18.0","3.24","4.02","63.318290","< 0.00000000000000001"
"401",2021-01-03,"2",9,"JeffersonCounty, ClallamCounty, MasonCounty, KitsapCounty, GraysHarborCounty, IslandCounty, SanJuanCounty, ThurstonCounty, KingCounty","3, 4","(884182,906149) / 441613.85","No","3168895","85","182.69","2.6","0.47","0.34","49.270631","< 0.00000000000000001"
"402",2021-01-03,"3",1,"KingCounty","2","(1.31014e+006,789600) / 0","Yes","2252782","68","129.87","2.9","0.52","0.44","23.689749","0.0000000037"
"403",2021-01-03,"4",8,"ClallamCounty, JeffersonCounty, SanJuanCounty, IslandCounty, MasonCounty, GraysHarborCounty, KitsapCounty, ThurstonCounty","2","(801611,1.03148e+006) / 509912.75","Yes","916113","17","52.81","1.8","0.32","0.29","18.155070","0.00000069"
"404",2021-01-03,"5",1,"ChelanCounty","6","(1.61141e+006,924343) / 0","No","77200","12","4.45","15.0","2.70","2.74","4.418983","0.299"
"405",2021-01-03,"6",4,"OkanoganCounty, DouglasCounty, FerryCounty, ChelanCounty","5","(1.82458e+006,1.17369e+006) / 328046.60","No","170499","17","9.83","9.6","1.73","1.76","2.202918","0.921"
"406",2021-01-03,"7",3,"CowlitzCounty, LewisCounty, ClarkCounty","No Overlap","(1.08827e+006,321229) / 159195.12","No","679541","52","39.18","7.4","1.33","1.37","2.109343","0.933"
"407",2021-01-10,"1",1,"KingCounty","No Overlap","(1.31014e+006,789600) / 0","Yes","2252782","30","10.35","60.8","2.90","14.28","23.937871","0.00000000099"
"408",2021-01-10,"2",13,"KlickitatCounty, YakimaCounty, SkamaniaCounty, BentonCounty, ClarkCounty, KittitasCounty, LewisCounty, CowlitzCounty, FranklinCounty, PierceCounty, GrantCounty, WallaWallaCounty, ThurstonCounty","3, 4","(1.56668e+006,197511) / 642959.81","No","2666478","2","12.26","3.4","0.16","0.11","8.656831","0.0033"
"409",2021-01-10,"3",21,"AsotinCounty, GarfieldCounty, ColumbiaCounty, WhitmanCounty, WallaWallaCounty, FranklinCounty, AdamsCounty, SpokaneCounty, BentonCounty, LincolnCounty, GrantCounty, StevensCounty, DouglasCounty, PendOreilleCounty, FerryCounty, YakimaCounty, KlickitatCounty, KittitasCounty, ChelanCounty, OkanoganCounty, SkamaniaCounty","2","(2.47512e+006,330453) / 1196663.09","Yes","1653983","0","7.60","0","0","0","8.570897","0.0036"
"410",2021-01-10,"4",8,"PacificCounty, WahkiakumCounty, GraysHarborCounty, ThurstonCounty, CowlitzCounty, MasonCounty, LewisCounty, ClarkCounty","2","(815687,461225) / 432600.92","No","1138865","0","5.23","0","0","0","5.669950","0.068"
"411",2021-01-10,"5",7,"SanJuanCounty, IslandCounty, WhatcomCounty, ClallamCounty, SkagitCounty, JeffersonCounty, KitsapCounty","No Overlap","(1.04005e+006,1.18764e+006) / 346597.00","No","842200","0","3.87","0","0","0","4.102250","0.247"
"412",2021-01-17,"1",3,"SnohomishCounty, SkagitCounty, KingCounty","2, 6, 7","(1.34135e+006,991759) / 204553.00","No","3204070","218","100.56","355.0","2.17","14.29","129.066168","< 0.00000000000000001"
"413",2021-01-17,"2",1,"KingCounty","1","(1.31014e+006,789600) / 0","Yes","2252782","156","70.71","361.3","2.21","4.47","64.777265","< 0.00000000000000001"
"414",2021-01-17,"3",13,"KlickitatCounty, YakimaCounty, SkamaniaCounty, BentonCounty, ClarkCounty, KittitasCounty, LewisCounty, CowlitzCounty, FranklinCounty, PierceCounty, GrantCounty, WallaWallaCounty, ThurstonCounty","4, 5","(1.56668e+006,197511) / 642959.81","No","2666478","18","83.69","35.2","0.22","0.15","50.293647","< 0.00000000000000001"
"415",2021-01-17,"4",17,"AsotinCounty, GarfieldCounty, ColumbiaCounty, WhitmanCounty, WallaWallaCounty, FranklinCounty, AdamsCounty, SpokaneCounty, BentonCounty, LincolnCounty, GrantCounty, StevensCounty, DouglasCounty, PendOreilleCounty, FerryCounty, YakimaCounty, KlickitatCounty","3","(2.47512e+006,330453) / 918119.46","Yes","1474522","1","46.28","3.5","0.022","0.017","46.389947","< 0.00000000000000001"
"416",2021-01-17,"5",9,"WahkiakumCounty, PacificCounty, CowlitzCounty, ThurstonCounty, LewisCounty, ClarkCounty, GraysHarborCounty, MasonCounty, SkamaniaCounty","3","(899146,363108) / 396914.36","Yes","1150948","1","36.12","4.5","0.028","0.024","34.415289","0.000000000000078"
"417",2021-01-17,"6",1,"SnohomishCounty","1","(1.34135e+006,991759) / 0","Yes","822083","61","25.80","387.2","2.36","2.83","20.368140","0.000000061"
"418",2021-01-17,"7",7,"SanJuanCounty, IslandCounty, WhatcomCounty, ClallamCounty, SkagitCounty, JeffersonCounty, KitsapCounty","1, 8","(1.04005e+006,1.18764e+006) / 346597.00","Yes","842200","4","26.43","24.8","0.15","0.14","16.024038","0.0000041"
"419",2021-01-17,"8",3,"IslandCounty, SanJuanCounty, KitsapCounty","7","(1.13394e+006,1.03858e+006) / 191713.97","No","374196","1","11.74","13.9","0.085","0.081","8.531167","0.0057"
"420",2021-01-24,"1",4,"SnohomishCounty, SkagitCounty, KingCounty, IslandCounty","3, 5","(1.34135e+006,991759) / 212626.68","No","3289211","782","395.23","1240.5","1.98","7.73","352.343951","< 0.00000000000000001"
"421",2021-01-24,"2",13,"KlickitatCounty, YakimaCounty, SkamaniaCounty, BentonCounty, ClarkCounty, KittitasCounty, LewisCounty, CowlitzCounty, FranklinCounty, PierceCounty, GrantCounty, WallaWallaCounty, ThurstonCounty","4, 6","(1.56668e+006,197511) / 642959.81","No","2666478","91","320.40","178.1","0.28","0.20","154.315645","< 0.00000000000000001"
"422",2021-01-24,"3",1,"KingCounty","1","(1.31014e+006,789600) / 0","Yes","2252782","506","270.69","1172.0","1.87","2.94","130.655204","< 0.00000000000000001"
"423",2021-01-24,"4",11,"ClarkCounty, CowlitzCounty, SkamaniaCounty, LewisCounty, WahkiakumCounty, ThurstonCounty, PacificCounty, KlickitatCounty, PierceCounty, YakimaCounty, MasonCounty","2","(1.13459e+006,168921) / 599449.66","Yes","2254165","73","270.86","169.0","0.27","0.21","129.826790","< 0.00000000000000001"
"424",2021-01-24,"5",1,"SnohomishCounty","1","(1.34135e+006,991759) / 0","Yes","822083","245","98.78","1555.0","2.48","3.02","90.285300","< 0.00000000000000001"
"425",2021-01-24,"6",18,"PendOreilleCounty, StevensCounty, FerryCounty, SpokaneCounty, LincolnCounty, OkanoganCounty, WhitmanCounty, AdamsCounty, DouglasCounty, GrantCounty, GarfieldCounty, ColumbiaCounty, FranklinCounty, ChelanCounty, AsotinCounty, WallaWallaCounty, KittitasCounty, BentonCounty","2","(2.4223e+006,1.18238e+006) / 1002965.41","Yes","1368602","33","164.45","125.8","0.20","0.17","89.341209","< 0.00000000000000001"
"426",2021-01-31,"1",6,"SkagitCounty, WhatcomCounty, SnohomishCounty, IslandCounty, SanJuanCounty, KingCounty","4, 5","(1.32441e+006,1.15149e+006) / 362166.92","No","3536040","1376","836.77","2030.4","1.64","3.73","335.962524","< 0.00000000000000001"
"427",2021-01-31,"2",13,"PacificCounty, WahkiakumCounty, GraysHarborCounty, ThurstonCounty, CowlitzCounty, MasonCounty, LewisCounty, ClarkCounty, PierceCounty, JeffersonCounty, KitsapCounty, SkamaniaCounty, ClallamCounty","3","(815687,461225) / 570426.80","No","2436953","251","576.68","537.4","0.44","0.34","156.780464","< 0.00000000000000001"
"428",2021-01-31,"3",9,"WahkiakumCounty, PacificCounty, CowlitzCounty, ThurstonCounty, LewisCounty, ClarkCounty, GraysHarborCounty, MasonCounty, SkamaniaCounty","2","(899146,363108) / 396914.36","Yes","1150948","61","272.36","276.5","0.22","0.20","134.063461","< 0.00000000000000001"
"429",2021-01-31,"4",1,"SnohomishCounty","1","(1.34135e+006,991759) / 0","Yes","822083","427","194.54","2710.2","2.19","2.57","120.908644","< 0.00000000000000001"
"430",2021-01-31,"5",1,"KingCounty","1","(1.31014e+006,789600) / 0","Yes","2252782","813","533.10","1883.0","1.53","1.96","96.632608","< 0.00000000000000001"
"431",2021-01-31,"6",19,"AdamsCounty, FranklinCounty, LincolnCounty, GrantCounty, WhitmanCounty, WallaWallaCounty, ColumbiaCounty, GarfieldCounty, BentonCounty, SpokaneCounty, DouglasCounty, AsotinCounty, KittitasCounty, FerryCounty, StevensCounty, YakimaCounty, ChelanCounty, OkanoganCounty, PendOreilleCounty","No Overlap","(2.12431e+006,607716) / 647333.59","Yes","1619475","171","383.24","550.9","0.45","0.39","89.377716","< 0.00000000000000001"
