name	county	date	eastwest	cor1	cor2	eastwest-king-yak	clust1	clust2	corew
MT152824_Snohomish_2020-02-24	Snohomish	2/24/20	west	mp2	mp1	west	West	west2	mp2
MT598633_King_2020-02-20	King	2/20/20	west	mp2	mp1	King	mp1	west1	mp2
MT598639_King_2020-02-29	King	2/29/20	west	mp2	mp1	King	mp1	west1	mp2
MT598640_King_2020-02-29	King	2/29/20	west	mp2	mp1	King	mp1	west1	mp2
MT598641_King_2020-02-29	King	2/29/20	west	mp2	mp1	King	mp1	west1	mp2
MT627216_King_2020-02-29	King	2/29/20	west	mp2	mp1	King	mp1	west1	mp2
MT627221_Snohomish_2020-03-03	Snohomish	3/3/20	west	mp2	mp1	west	West	west2	mp2
MT627226_King_2020-02-28	King	2/28/20	west	mp2	mp1	King	mp1	west1	mp2
MT627228_Snohomish_2020-03-02	Snohomish	3/2/20	west	mp2	mp1	west	West	west2	mp2
MT627231_Snohomish_2020-03-02	Snohomish	3/2/20	west	mp2	mp1	west	West	west2	mp2
MT627233_Umatilla_2020-02-29	Umatilla	2/29/20	east	mp3	mp2	east	east	east2	east
MT627235_King_2020-02-28	King	2/28/20	west	mp2	mp1	King	mp1	west1	mp2
MT627241_Snohomish_2020-03-02	Snohomish	3/2/20	west	mp2	mp1	west	West	west2	mp2
MT627243_Umatilla_2020-02-29	Umatilla	2/29/20	east	mp3	mp2	east	east	east2	east
MT627244_Clark_2020-03-01	Clark	3/1/20	west	mp3	mp2	west	West	west3	west
MT627245_King_2020-02-29	King	2/29/20	west	mp2	mp1	King	mp1	west1	mp2
MT627248_King_2020-02-29	King	2/29/20	west	mp2	mp1	King	mp1	west1	mp2
MT627249_Grant_2020-03-02	Grant	3/2/20	east	mp3	mp2	east	east	east2	east
MT627252_King_2020-02-28	King	2/28/20	west	mp2	mp1	King	mp1	west1	mp2
MT627253_King_2020-02-28	King	2/28/20	west	mp2	mp1	King	mp1	west1	mp2
MT627255_Snohomish_2020-03-03	Snohomish	3/3/20	west	mp2	mp1	west	West	west2	mp2
MT627256_Snohomish_2020-03-05	Snohomish	3/5/20	west	mp2	mp1	west	West	west2	mp2
MT627258_Snohomish_2020-02-28	Snohomish	2/28/20	west	mp2	mp1	west	West	west2	mp2
MT627261_King_2020-02-29	King	2/29/20	west	mp2	mp1	King	mp1	west1	mp2
MT627262_Snohomish_2020-03-02	Snohomish	3/2/20	west	mp2	mp1	west	West	west2	mp2
MT627263_King_2020-02-26	King	2/26/20	west	mp2	mp1	King	mp1	west1	mp2
MT627266_Snohomish_2020-03-02	Snohomish	3/2/20	west	mp2	mp1	west	West	west2	mp2
MT627267_Snohomish_2020-02-29	Snohomish	2/29/20	west	mp2	mp1	west	West	west2	mp2
MT627268_Snohomish_2020-03-05	Snohomish	3/5/20	west	mp2	mp1	west	West	west2	mp2
MT627269_King_2020-02-29	King	2/29/20	west	mp2	mp1	King	mp1	west1	mp2
MT627270_King_2020-02-21	King	2/21/20	west	mp2	mp1	King	mp1	west1	mp2
MT627272_Snohomish_2020-03-02	Snohomish	3/2/20	west	mp2	mp1	west	West	west2	mp2
MT627274_King_2020-02-28	King	2/28/20	west	mp2	mp1	King	mp1	west1	mp2
MT627277_King_2020-03-04	King	3/4/20	west	mp2	mp1	King	mp1	west1	mp2
MT627279_Snohomish_2020-02-29	Snohomish	2/29/20	west	mp2	mp1	west	West	west2	mp2
MT627280_Grant_2020-03-02	Grant	3/2/20	east	mp3	mp2	east	east	east2	east
MT627283_Snohomish_2020-03-02	Snohomish	3/2/20	west	mp2	mp1	west	West	west2	mp2
MT627286_Snohomish_2020-02-28	Snohomish	2/28/20	west	mp2	mp1	west	West	west2	mp2
MT627288_King_2020-02-22	King	2/22/20	west	mp2	mp1	King	mp1	west1	mp2
MT627290_King_2020-02-28	King	2/28/20	west	mp2	mp1	King	mp1	west1	mp2
MT627291_Snohomish_2020-03-04	Snohomish	3/4/20	west	mp2	mp1	west	West	west2	mp2
MT627292_King_2020-03-03	King	3/3/20	west	mp2	mp1	King	mp1	west1	mp2
MT627293_King_2020-02-29	King	2/29/20	west	mp2	mp1	King	mp1	west1	mp2
MT627295_King_2020-02-28	King	2/28/20	west	mp2	mp1	King	mp1	west1	mp2
MT627298_Snohomish_2020-03-01	Snohomish	3/1/20	west	mp2	mp1	west	West	west2	mp2
MT627300_Snohomish_2020-03-04	Snohomish	3/4/20	west	mp2	mp1	west	West	west2	mp2
MT627302_King_2020-03-05	King	3/5/20	west	mp2	mp1	King	mp1	west1	mp2
MT627304_King_2020-02-29	King	2/29/20	west	mp2	mp1	King	mp1	west1	mp2
MT627308_Snohomish_2020-03-03	Snohomish	3/3/20	west	mp2	mp1	west	West	west2	mp2
MT627310_Snohomish_2020-03-06	Snohomish	3/6/20	west	mp2	mp1	west	West	west2	mp2
MT627315_King_2020-02-29	King	2/29/20	west	mp2	mp1	King	mp1	west1	mp2
MT627318_King_2020-02-28	King	2/28/20	west	mp2	mp1	King	mp1	west1	mp2
MT627625_King_2020-02-29	King	2/29/20	west	mp2	mp1	King	mp1	west1	mp2
MT627627_King_2020-02-26	King	2/26/20	west	mp2	mp1	King	mp1	west1	mp2
MT627630_King_2020-02-22	King	2/22/20	west	mp2	mp1	King	mp1	west1	mp2
MT627634_Pierce_2020-03-14	Pierce	3/14/20	west	mp2	mp1	west	mp1	west1	mp2
MT627635_Pierce_2020-03-15	Pierce	3/15/20	west	mp2	mp1	west	mp1	west1	mp2
MT627637_Snohomish_2020-03-05	Snohomish	3/5/20	west	mp2	mp1	west	West	west2	mp2
MT627749_King_2020-04-25	King	4/25/20	west	mp2	mp1	King	mp1	west1	mp2
MT627758_King_2020-04-12	King	4/12/20	west	mp2	mp1	King	mp1	west1	mp2
MT627932_Snohomish_2020-03-26	Snohomish	3/26/20	west	mp2	mp1	west	West	west2	mp2
MT628038_Pierce_2020-04-17	Pierce	4/17/20	west	mp2	mp1	west	mp1	west1	mp2
MT628039_Pierce_2020-04-19	Pierce	4/19/20	west	mp2	mp1	west	mp1	west1	mp2
MT628042_Asotin_2020-04-20	Asotin	4/20/20	east	mp3	mp2	east	east	east3	east
MT628043_Pierce_2020-04-18	Pierce	4/18/20	west	mp2	mp1	west	mp1	west1	mp2
MT628046_Pierce_2020-04-18	Pierce	4/18/20	west	mp2	mp1	west	mp1	west1	mp2
MT628048_Pierce_2020-04-18	Pierce	4/18/20	west	mp2	mp1	west	mp1	west1	mp2
MT628050_Pierce_2020-04-17	Pierce	4/17/20	west	mp2	mp1	west	mp1	west1	mp2
MT628052_Pierce_2020-04-18	Pierce	4/18/20	west	mp2	mp1	west	mp1	west1	mp2
MT628067_Pierce_2020-04-21	Pierce	4/21/20	west	mp2	mp1	west	mp1	west1	mp2
MT628075_Pierce_2020-04-20	Pierce	4/20/20	west	mp2	mp1	west	mp1	west1	mp2
MT628077_Pierce_2020-04-18	Pierce	4/18/20	west	mp2	mp1	west	mp1	west1	mp2
MT628082_Yakima_2020-04-19	Yakima	4/19/20	east	mp1	mp1	Yakima	east	east1	mp1
MT632493_Whatcom_2020-03-20	Whatcom	3/20/20	west	mp3	mp1	west	West	west2	west
MT632495_Snohomish_2020-03-16	Snohomish	3/16/20	west	mp2	mp1	west	West	west2	mp2
MT632497_Whatcom_2020-03-21	Whatcom	3/21/20	west	mp3	mp1	west	West	west2	west
MT632498_Whatcom_2020-03-20	Whatcom	3/20/20	west	mp3	mp1	west	West	west2	west
MT632499_Whatcom_2020-03-20	Whatcom	3/20/20	west	mp3	mp1	west	West	west2	west
MT632501_Snohomish_2020-03-16	Snohomish	3/16/20	west	mp2	mp1	west	West	west2	mp2
MT632502_Clark_2020-03-08	Clark	3/8/20	west	mp3	mp2	west	West	west3	west
MT632503_Whatcom_2020-03-20	Whatcom	3/20/20	west	mp3	mp1	west	West	west2	west
MT632504_Whatcom_2020-03-18	Whatcom	3/18/20	west	mp3	mp1	west	West	west2	west
MT632505_Whatcom_2020-03-20	Whatcom	3/20/20	west	mp3	mp1	west	West	west2	west
MT632507_Whatcom_2020-03-20	Whatcom	3/20/20	west	mp3	mp1	west	West	west2	west
MT632508_Whatcom_2020-03-20	Whatcom	3/20/20	west	mp3	mp1	west	West	west2	west
MT632510_Whatcom_2020-03-23	Whatcom	3/23/20	west	mp3	mp1	west	West	west2	west
MT632511_Whatcom_2020-03-20	Whatcom	3/20/20	west	mp3	mp1	west	West	west2	west
MT632512_Whatcom_2020-03-20	Whatcom	3/20/20	west	mp3	mp1	west	West	west2	west
MT632513_Whatcom_2020-03-20	Whatcom	3/20/20	west	mp3	mp1	west	West	west2	west
MT632516_Whatcom_2020-03-20	Whatcom	3/20/20	west	mp3	mp1	west	West	west2	west
MT632517_Whatcom_2020-03-20	Whatcom	3/20/20	west	mp3	mp1	west	West	west2	west
MT632519_Whatcom_2020-03-20	Whatcom	3/20/20	west	mp3	mp1	west	West	west2	west
MT632520_Whatcom_2020-03-20	Whatcom	3/20/20	west	mp3	mp1	west	West	west2	west
MT632521_Whatcom_2020-03-20	Whatcom	3/20/20	west	mp3	mp1	west	West	west2	west
MT632522_Whatcom_2020-03-23	Whatcom	3/23/20	west	mp3	mp1	west	West	west2	west
MT632523_Whatcom_2020-03-20	Whatcom	3/20/20	west	mp3	mp1	west	West	west2	west
MT632525_Whatcom_2020-03-20	Whatcom	3/20/20	west	mp3	mp1	west	West	west2	west
MT632527_Whatcom_2020-03-20	Whatcom	3/20/20	west	mp3	mp1	west	West	west2	west
MT632528_Whatcom_2020-03-22	Whatcom	3/22/20	west	mp3	mp1	west	West	west2	west
MT632529_Whatcom_2020-03-20	Whatcom	3/20/20	west	mp3	mp1	west	West	west2	west
MT632532_Whatcom_2020-03-23	Whatcom	3/23/20	west	mp3	mp1	west	West	west2	west
MT632533_Whatcom_2020-03-18	Whatcom	3/18/20	west	mp3	mp1	west	West	west2	west
MT632536_Whatcom_2020-03-18	Whatcom	3/18/20	west	mp3	mp1	west	West	west2	west
MT632538_Grant_2020-03-19	Grant	3/19/20	east	mp3	mp2	east	east	east2	east
MT632540_Whatcom_2020-03-20	Whatcom	3/20/20	west	mp3	mp1	west	West	west2	west
MT632545_King_2020-02-29	King	2/29/20	west	mp2	mp1	King	mp1	west1	mp2
MT632546_King_2020-03-20	King	3/20/20	west	mp2	mp1	King	mp1	west1	mp2
MT632553_Whatcom_2020-03-20	Whatcom	3/20/20	west	mp3	mp1	west	West	west2	west
MT632558_Snohomish_2020-03-03	Snohomish	3/3/20	west	mp2	mp1	west	West	west2	mp2
MT632559_King_2020-03-17	King	3/17/20	west	mp2	mp1	King	mp1	west1	mp2
MT632562_Snohomish_2020-03-12	Snohomish	3/12/20	west	mp2	mp1	west	West	west2	mp2
MT632563_King_2020-03-20	King	3/20/20	west	mp2	mp1	King	mp1	west1	mp2
MT632567_King_2020-02-28	King	2/28/20	west	mp2	mp1	King	mp1	west1	mp2
MT632575_Clark_2020-03-08	Clark	3/8/20	west	mp3	mp2	west	West	west3	west
MT632577_King_2020-03-20	King	3/20/20	west	mp2	mp1	King	mp1	west1	mp2
MT632586_Snohomish_2020-02-24	Snohomish	2/24/20	west	mp2	mp1	west	West	west2	mp2
MT632591_King_2020-03-15	King	3/15/20	west	mp2	mp1	King	mp1	west1	mp2
MT632593_Snohomish_2020-03-07	Snohomish	3/7/20	west	mp2	mp1	west	West	west2	mp2
MT632606_Snohomish_2020-03-03	Snohomish	3/3/20	west	mp2	mp1	west	West	west2	mp2
MT632607_King_2020-03-01	King	3/1/20	west	mp2	mp1	King	mp1	west1	mp2
MT632612_King_2020-02-29	King	2/29/20	west	mp2	mp1	King	mp1	west1	mp2
MT632614_King_2020-03-16	King	3/16/20	west	mp2	mp1	King	mp1	west1	mp2
MT632622_Snohomish_2020-03-16	Snohomish	3/16/20	west	mp2	mp1	west	West	west2	mp2
MT632766_Pierce_2020-04-02	Pierce	4/2/20	west	mp2	mp1	west	mp1	west1	mp2
MT632772_Pierce_2020-03-31	Pierce	3/31/20	west	mp2	mp1	west	mp1	west1	mp2
MT632781_Whatcom_2020-03-26	Whatcom	3/26/20	west	mp3	mp1	west	West	west2	west
MT632786_Pierce_2020-03-31	Pierce	3/31/20	west	mp2	mp1	west	mp1	west1	mp2
MT632787_Skagit_2020-03-27	Skagit	3/27/20	west	mp3	mp1	west	West	west2	west
MT632788_Pierce_2020-04-02	Pierce	4/2/20	west	mp2	mp1	west	mp1	west1	mp2
MT632789_Whatcom_2020-04-02	Whatcom	4/2/20	west	mp3	mp1	west	West	west2	west
MT632790_Pierce_2020-04-02	Pierce	4/2/20	west	mp2	mp1	west	mp1	west1	mp2
MT632797_Pierce_2020-04-03	Pierce	4/3/20	west	mp2	mp1	west	mp1	west1	mp2
MT632798_Adams_2020-03-27	Adams	3/27/20	east	mp3	mp2	east	east	east2	east
MT632800_Whatcom_2020-03-26	Whatcom	3/26/20	west	mp3	mp1	west	West	west2	west
MT632801_Skagit_2020-03-27	Skagit	3/27/20	west	mp3	mp1	west	West	west2	west
MT632802_Whatcom_2020-03-26	Whatcom	3/26/20	west	mp3	mp1	west	West	west2	west
MT632803_Adams_2020-03-27	Adams	3/27/20	east	mp3	mp2	east	east	east2	east
MT632807_Skagit_2020-03-27	Skagit	3/27/20	west	mp3	mp1	west	West	west2	west
MT632810_Skagit_2020-03-31	Skagit	3/31/20	west	mp3	mp1	west	West	west2	west
MT632813_Whatcom_2020-03-26	Whatcom	3/26/20	west	mp3	mp1	west	West	west2	west
MT632815_Snohomish_2020-03-30	Snohomish	3/30/20	west	mp2	mp1	west	West	west2	mp2
MT632817_Mason_2020-04-02	Mason	4/2/20	west	mp3	mp2	west	West	west3	west
MT632818_Skagit_2020-03-27	Skagit	3/27/20	west	mp3	mp1	west	West	west2	west
MT632819_Skagit_2020-03-27	Skagit	3/27/20	west	mp3	mp1	west	West	west2	west
MT632821_Pierce_2020-03-29	Pierce	3/29/20	west	mp2	mp1	west	mp1	west1	mp2
MT632823_Pierce_2020-03-31	Pierce	3/31/20	west	mp2	mp1	west	mp1	west1	mp2
MT632824_Pierce_2020-03-31	Pierce	3/31/20	west	mp2	mp1	west	mp1	west1	mp2
MT632828_Pierce_2020-04-02	Pierce	4/2/20	west	mp2	mp1	west	mp1	west1	mp2
MT632830_Pierce_2020-03-31	Pierce	3/31/20	west	mp2	mp1	west	mp1	west1	mp2
MT632831_Whatcom_2020-03-24	Whatcom	3/24/20	west	mp3	mp1	west	West	west2	west
MT632833_Pierce_2020-03-29	Pierce	3/29/20	west	mp2	mp1	west	mp1	west1	mp2
MT632835_Whatcom_2020-03-24	Whatcom	3/24/20	west	mp3	mp1	west	West	west2	west
MT632838_Skagit_2020-03-27	Skagit	3/27/20	west	mp3	mp1	west	West	west2	west
MT632839_Skagit_2020-03-28	Skagit	3/28/20	west	mp3	mp1	west	West	west2	west
MT632840_Pierce_2020-03-31	Pierce	3/31/20	west	mp2	mp1	west	mp1	west1	mp2
MT632842_Pierce_2020-03-31	Pierce	3/31/20	west	mp2	mp1	west	mp1	west1	mp2
MT632844_Whatcom_2020-03-24	Whatcom	3/24/20	west	mp3	mp1	west	West	west2	west
MT632846_Pierce_2020-03-28	Pierce	3/28/20	west	mp2	mp1	west	mp1	west1	mp2
MT632848_Skagit_2020-03-27	Skagit	3/27/20	west	mp3	mp1	west	West	west2	west
MT632849_Skagit_2020-03-29	Skagit	3/29/20	west	mp3	mp1	west	West	west2	west
MT632850_Pierce_2020-03-31	Pierce	3/31/20	west	mp2	mp1	west	mp1	west1	mp2
MT632855_Whatcom_2020-03-25	Whatcom	3/25/20	west	mp3	mp1	west	West	west2	west
MT632860_Pierce_2020-03-31	Pierce	3/31/20	west	mp2	mp1	west	mp1	west1	mp2
MT632861_Mason_2020-03-30	Mason	3/30/20	west	mp3	mp2	west	West	west3	west
MT632863_Pierce_2020-04-01	Pierce	4/1/20	west	mp2	mp1	west	mp1	west1	mp2
MT632865_Franklin_2020-04-01	Franklin	4/1/20	east	mp1	mp1	east	east	east2	mp1
MT632876_Pierce_2020-04-01	Pierce	4/1/20	west	mp2	mp1	west	mp1	west1	mp2
MT632877_Pierce_2020-03-31	Pierce	3/31/20	west	mp2	mp1	west	mp1	west1	mp2
MT632879_Pierce_2020-04-01	Pierce	4/1/20	west	mp2	mp1	west	mp1	west1	mp2
MT632880_Pierce_2020-03-31	Pierce	3/31/20	west	mp2	mp1	west	mp1	west1	mp2
MT632889_Snohomish_2020-03-27	Snohomish	3/27/20	west	mp2	mp1	west	West	west2	mp2
MT632894_Snohomish_2020-04-02	Snohomish	4/2/20	west	mp2	mp1	west	West	west2	mp2
MT632900_Adams_2020-03-30	Adams	3/30/20	east	mp3	mp2	east	east	east2	east
MT632908_Grant_2020-03-25	Grant	3/25/20	east	mp3	mp2	east	east	east2	east
MT632909_Pierce_2020-03-31	Pierce	3/31/20	west	mp2	mp1	west	mp1	west1	mp2
MT632910_Benton_2020-04-01	Benton	4/1/20	east	mp1	mp1	east	east	east2	mp1
MT632912_Whatcom_2020-03-24	Whatcom	3/24/20	west	mp3	mp1	west	West	west2	west
MT632914_Franklin_2020-04-01	Franklin	4/1/20	east	mp1	mp1	east	east	east2	mp1
MT632916_Franklin_2020-04-01	Franklin	4/1/20	east	mp1	mp1	east	east	east2	mp1
MT632919_Asotin_2020-04-01	Asotin	4/1/20	east	mp3	mp2	east	east	east3	east
MT632926_Yakima_2020-03-26	Yakima	3/26/20	east	mp1	mp1	Yakima	east	east1	mp1
MT632931_Adams_2020-04-01	Adams	4/1/20	east	mp3	mp2	east	east	east2	east
MT632935_Pierce_2020-03-24	Pierce	3/24/20	west	mp2	mp1	west	mp1	west1	mp2
MT632942_Franklin_2020-03-27	Franklin	3/27/20	east	mp1	mp1	east	east	east2	mp1
MT632945_Snohomish_2020-03-28	Snohomish	3/28/20	west	mp2	mp1	west	West	west2	mp2
MT632947_Adams_2020-03-23	Adams	3/23/20	east	mp3	mp2	east	east	east2	east
MT632950_Pierce_2020-04-01	Pierce	4/1/20	west	mp2	mp1	west	mp1	west1	mp2
MT632953_King_2020-03-25	King	3/25/20	west	mp2	mp1	King	mp1	west1	mp2
MT632967_Snohomish_2020-03-28	Snohomish	3/28/20	west	mp2	mp1	west	West	west2	mp2
MT633000_Snohomish_2020-03-29	Snohomish	3/29/20	west	mp2	mp1	west	West	west2	mp2
MT633001_Kittitas_2020-03-24	Kittitas	3/24/20	east	mp3	mp2	east	east	east1	east
MT633004_Adams_2020-03-23	Adams	3/23/20	east	mp3	mp2	east	east	east2	east
MT633044_Franklin_2020-03-26	Franklin	3/26/20	east	mp1	mp1	east	east	east2	mp1
MT641490_Pierce_2020-04-08	Pierce	4/8/20	west	mp2	mp1	west	mp1	west1	mp2
MT641492_Pierce_2020-04-16	Pierce	4/16/20	west	mp2	mp1	west	mp1	west1	mp2
MT641499_Asotin_2020-04-13	Asotin	4/13/20	east	mp3	mp2	east	east	east3	east
MT641502_Pierce_2020-04-08	Pierce	4/8/20	west	mp2	mp1	west	mp1	west1	mp2
MT641504_Pierce_2020-04-08	Pierce	4/8/20	west	mp2	mp1	west	mp1	west1	mp2
MT641508_Asotin_2020-04-11	Asotin	4/11/20	east	mp3	mp2	east	east	east3	east
MT641509_Pierce_2020-04-08	Pierce	4/8/20	west	mp2	mp1	west	mp1	west1	mp2
MT641513_Pierce_2020-04-08	Pierce	4/8/20	west	mp2	mp1	west	mp1	west1	mp2
MT641516_Asotin_2020-04-13	Asotin	4/13/20	east	mp3	mp2	east	east	east3	east
MT641520_Pierce_2020-04-08	Pierce	4/8/20	west	mp2	mp1	west	mp1	west1	mp2
MT641521_Asotin_2020-04-15	Asotin	4/15/20	east	mp3	mp2	east	east	east3	east
MT641522_Pierce_2020-04-08	Pierce	4/8/20	west	mp2	mp1	west	mp1	west1	mp2
MT641523_Whatcom_2020-04-16	Whatcom	4/16/20	west	mp3	mp1	west	West	west2	west
MT641532_Pierce_2020-04-10	Pierce	4/10/20	west	mp2	mp1	west	mp1	west1	mp2
MT641535_Pierce_2020-04-08	Pierce	4/8/20	west	mp2	mp1	west	mp1	west1	mp2
MT641536_Pierce_2020-04-11	Pierce	4/11/20	west	mp2	mp1	west	mp1	west1	mp2
MT641539_Pierce_2020-04-08	Pierce	4/8/20	west	mp2	mp1	west	mp1	west1	mp2
MT641541_Whatcom_2020-04-12	Whatcom	4/12/20	west	mp3	mp1	west	West	west2	west
MT641543_Pierce_2020-04-11	Pierce	4/11/20	west	mp2	mp1	west	mp1	west1	mp2
MT641552_Yakima_2020-04-08	Yakima	4/8/20	east	mp1	mp1	Yakima	east	east1	mp1
MT641557_Pierce_2020-04-16	Pierce	4/16/20	west	mp2	mp1	west	mp1	west1	mp2
MT641558_Pierce_2020-04-14	Pierce	4/14/20	west	mp2	mp1	west	mp1	west1	mp2
MT641559_Pierce_2020-04-14	Pierce	4/14/20	west	mp2	mp1	west	mp1	west1	mp2
MT641563_Pierce_2020-04-14	Pierce	4/14/20	west	mp2	mp1	west	mp1	west1	mp2
MT641568_Asotin_2020-04-11	Asotin	4/11/20	east	mp3	mp2	east	east	east3	east
MT641569_Jefferson_2020-04-08	Jefferson	4/8/20	west	mp3	mp2	west	West	west3	west
MT641570_King_2020-04-16	King	4/16/20	west	mp2	mp1	King	mp1	west1	mp2
MT641576_Pierce_2020-04-14	Pierce	4/14/20	west	mp2	mp1	west	mp1	west1	mp2
MT641578_Adams_2020-04-07	Adams	4/7/20	east	mp3	mp2	east	east	east2	east
MT641588_Whatcom_2020-04-11	Whatcom	4/11/20	west	mp3	mp1	west	West	west2	west
MT641599_Pierce_2020-04-10	Pierce	4/10/20	west	mp2	mp1	west	mp1	west1	mp2
MT641600_Pierce_2020-04-11	Pierce	4/11/20	west	mp2	mp1	west	mp1	west1	mp2
MT641604_Pierce_2020-04-10	Pierce	4/10/20	west	mp2	mp1	west	mp1	west1	mp2
MT641606_Pierce_2020-04-16	Pierce	4/16/20	west	mp2	mp1	west	mp1	west1	mp2
MT641636_Yakima_2020-04-11	Yakima	4/11/20	east	mp1	mp1	Yakima	east	east1	mp1
MT642085_Pierce_2020-04-29	Pierce	4/29/20	west	mp2	mp1	west	mp1	west1	mp2
MT642092_Pierce_2020-04-29	Pierce	4/29/20	west	mp2	mp1	west	mp1	west1	mp2
MT642100_Yakima_2020-05-04	Yakima	5/4/20	east	mp1	mp1	Yakima	east	east1	mp1
MT642102_Pierce_2020-04-23	Pierce	4/23/20	west	mp2	mp1	west	mp1	west1	mp2
MT642112_Snohomish_2020-05-05	Snohomish	5/5/20	west	mp2	mp1	west	West	west2	mp2
MT642114_Snohomish_2020-05-05	Snohomish	5/5/20	west	mp2	mp1	west	West	west2	mp2
MT642118_King_2020-05-05	King	5/5/20	west	mp2	mp1	King	mp1	west1	mp2
MT642127_Yakima_2020-05-03	Yakima	5/3/20	east	mp1	mp1	Yakima	east	east1	mp1
MT642136_Pierce_2020-04-29	Pierce	4/29/20	west	mp2	mp1	west	mp1	west1	mp2
MT642147_Pierce_2020-04-29	Pierce	4/29/20	west	mp2	mp1	west	mp1	west1	mp2
MT642148_Pierce_2020-04-24	Pierce	4/24/20	west	mp2	mp1	west	mp1	west1	mp2
MT642151_Pierce_2020-04-29	Pierce	4/29/20	west	mp2	mp1	west	mp1	west1	mp2
MT642166_Yakima_2020-05-05	Yakima	5/5/20	east	mp1	mp1	Yakima	east	east1	mp1
MT642167_Skagit_2020-05-04	Skagit	5/4/20	west	mp3	mp1	west	West	west2	west
MT642173_Yakima_2020-05-05	Yakima	5/5/20	east	mp1	mp1	Yakima	east	east1	mp1
MT642181_Yakima_2020-04-29	Yakima	4/29/20	east	mp1	mp1	Yakima	east	east1	mp1
MT642193_Pierce_2020-04-29	Pierce	4/29/20	west	mp2	mp1	west	mp1	west1	mp2
MT642197_Pierce_2020-04-29	Pierce	4/29/20	west	mp2	mp1	west	mp1	west1	mp2
MT642205_Skagit_2020-05-04	Skagit	5/4/20	west	mp3	mp1	west	West	west2	west
MT642210_Pierce_2020-04-29	Pierce	4/29/20	west	mp2	mp1	west	mp1	west1	mp2
MT642211_Yakima_2020-05-05	Yakima	5/5/20	east	mp1	mp1	Yakima	east	east1	mp1
MT642213_Yakima_2020-05-07	Yakima	5/7/20	east	mp1	mp1	Yakima	east	east1	mp1
MT642214_King_2020-05-05	King	5/5/20	west	mp2	mp1	King	mp1	west1	mp2
MT642226_Skagit_2020-04-30	Skagit	4/30/20	west	mp3	mp1	west	West	west2	west
MT642230_Asotin_2020-04-24	Asotin	4/24/20	east	mp3	mp2	east	east	east3	east
MT642235_Pierce_2020-04-22	Pierce	4/22/20	west	mp2	mp1	west	mp1	west1	mp2
MT642260_Snohomish_2020-05-03	Snohomish	5/3/20	west	mp2	mp1	west	West	west2	mp2
MT642265_Snohomish_2020-04-23	Snohomish	4/23/20	west	mp2	mp1	west	West	west2	mp2
MT642283_Adams_2020-04-27	Adams	4/27/20	east	mp3	mp2	east	east	east2	east
MT642285_Spokane_2020-04-28	Spokane	4/28/20	east	mp3	mp2	east	east	east3	east
MT642292_Snohomish_2020-05-04	Snohomish	5/4/20	west	mp2	mp1	west	West	west2	mp2
MT642299_Cowlitz_2020-04-27	Cowlitz	4/27/20	west	mp3	mp2	west	West	west3	west
MT642300_Skagit_2020-04-28	Skagit	4/28/20	west	mp3	mp1	west	West	west2	west
MT642301_Skagit_2020-05-01	Skagit	5/1/20	west	mp3	mp1	west	West	west2	west
MT642305_Cowlitz_2020-04-22	Cowlitz	4/22/20	west	mp3	mp2	west	West	west3	west
MT642307_Benton_2020-04-28	Benton	4/28/20	east	mp1	mp1	east	east	east2	mp1
MT642312_Spokane_2020-04-28	Spokane	4/28/20	east	mp3	mp2	east	east	east3	east
MT642321_Pierce_2020-04-30	Pierce	4/30/20	west	mp2	mp1	west	mp1	west1	mp2
MT642325_Yakima_2020-05-07	Yakima	5/7/20	east	mp1	mp1	Yakima	east	east1	mp1
MT642341_Grant_2020-04-22	Grant	4/22/20	east	mp3	mp2	east	east	east2	east
MT642343_Franklin_2020-04-21	Franklin	4/21/20	east	mp1	mp1	east	east	east2	mp1
MT642359_Pierce_2020-04-16	Pierce	4/16/20	west	mp2	mp1	west	mp1	west1	mp2
MT642360_Skagit_2020-04-28	Skagit	4/28/20	west	mp3	mp1	west	West	west2	west
MT642364_Mason_2020-04-22	Mason	4/22/20	west	mp3	mp2	west	West	west3	west
MT642366_Benton_2020-04-28	Benton	4/28/20	east	mp1	mp1	east	east	east2	mp1
MT642372_Skagit_2020-04-30	Skagit	4/30/20	west	mp3	mp1	west	West	west2	west
MT642383_Pierce_2020-04-16	Pierce	4/16/20	west	mp2	mp1	west	mp1	west1	mp2
MT642385_Skagit_2020-04-29	Skagit	4/29/20	west	mp3	mp1	west	West	west2	west
MT642405_Pierce_2020-04-16	Pierce	4/16/20	west	mp2	mp1	west	mp1	west1	mp2
MT642412_Cowlitz_2020-04-27	Cowlitz	4/27/20	west	mp3	mp2	west	West	west3	west
MT642413_Skagit_2020-05-01	Skagit	5/1/20	west	mp3	mp1	west	West	west2	west
MT642415_Skagit_2020-04-28	Skagit	4/28/20	west	mp3	mp1	west	West	west2	west
MT642428_Grant_2020-04-15	Grant	4/15/20	east	mp3	mp2	east	east	east2	east
MT642430_Skagit_2020-05-04	Skagit	5/4/20	west	mp3	mp1	west	West	west2	west
MT642433_Franklin_2020-04-21	Franklin	4/21/20	east	mp1	mp1	east	east	east2	mp1
MT821532_Whatcom_2020-05-19	Whatcom	5/19/20	west	mp3	mp1	west	West	west2	west
MT821538_King_2020-05-06	King	5/6/20	west	mp2	mp1	King	mp1	west1	mp2
MT821542_Franklin_2020-05-14	Franklin	5/14/20	east	mp1	mp1	east	east	east2	mp1
MT821559_Yakima_2020-05-14	Yakima	5/14/20	east	mp1	mp1	Yakima	east	east1	mp1
MT821566_Yakima_2020-05-11	Yakima	5/11/20	east	mp1	mp1	Yakima	east	east1	mp1
MT821567_Franklin_2020-05-14	Franklin	5/14/20	east	mp1	mp1	east	east	east2	mp1
MT821570_Yakima_2020-05-12	Yakima	5/12/20	east	mp1	mp1	Yakima	east	east1	mp1
MT821572_Snohomish_2020-05-19	Snohomish	5/19/20	west	mp2	mp1	west	West	west2	mp2
MT821573_Franklin_2020-05-13	Franklin	5/13/20	east	mp1	mp1	east	east	east2	mp1
MT821578_Whatcom_2020-05-19	Whatcom	5/19/20	west	mp3	mp1	west	West	west2	west
MT821591_Snohomish_2020-05-19	Snohomish	5/19/20	west	mp2	mp1	west	West	west2	mp2
MT821600_Whatcom_2020-05-16	Whatcom	5/16/20	west	mp3	mp1	west	West	west2	west
MT821604_Spokane_2020-05-19	Spokane	5/19/20	east	mp3	mp2	east	east	east3	east
MT821606_Snohomish_2020-05-22	Snohomish	5/22/20	west	mp2	mp1	west	West	west2	mp2
MT821607_Snohomish_2020-05-19	Snohomish	5/19/20	west	mp2	mp1	west	West	west2	mp2
MT821616_Yakima_2020-05-12	Yakima	5/12/20	east	mp1	mp1	Yakima	east	east1	mp1
MT821622_Snohomish_2020-05-15	Snohomish	5/15/20	west	mp2	mp1	west	West	west2	mp2
MT821629_Yakima_2020-05-12	Yakima	5/12/20	east	mp1	mp1	Yakima	east	east1	mp1
MT821630_Franklin_2020-05-13	Franklin	5/13/20	east	mp1	mp1	east	east	east2	mp1
MT821635_Snohomish_2020-05-19	Snohomish	5/19/20	west	mp2	mp1	west	West	west2	mp2
MT821637_Snohomish_2020-05-15	Snohomish	5/15/20	west	mp2	mp1	west	West	west2	mp2
MT821639_Snohomish_2020-05-19	Snohomish	5/19/20	west	mp2	mp1	west	West	west2	mp2
MT821645_Spokane_2020-05-20	Spokane	5/20/20	east	mp3	mp2	east	east	east3	east
MT821647_Whatcom_2020-05-19	Whatcom	5/19/20	west	mp3	mp1	west	West	west2	west
MT821654_Snohomish_2020-05-15	Snohomish	5/15/20	west	mp2	mp1	west	West	west2	mp2
MT821664_Whatcom_2020-05-13	Whatcom	5/13/20	west	mp3	mp1	west	West	west2	west
MT821673_Snohomish_2020-05-19	Snohomish	5/19/20	west	mp2	mp1	west	West	west2	mp2
MT821674_King_2020-05-05	King	5/5/20	west	mp2	mp1	King	mp1	west1	mp2
MT821676_King_2020-05-13	King	5/13/20	west	mp2	mp1	King	mp1	west1	mp2
MT821684_Snohomish_2020-05-19	Snohomish	5/19/20	west	mp2	mp1	west	West	west2	mp2
MT821688_Whatcom_2020-05-13	Whatcom	5/13/20	west	mp3	mp1	west	West	west2	west
MT821689_Yakima_2020-05-10	Yakima	5/10/20	east	mp1	mp1	Yakima	east	east1	mp1
MT821691_Snohomish_2020-05-19	Snohomish	5/19/20	west	mp2	mp1	west	West	west2	mp2
MT821699_Snohomish_2020-05-19	Snohomish	5/19/20	west	mp2	mp1	west	West	west2	mp2
MT821700_Spokane_2020-05-21	Spokane	5/21/20	east	mp3	mp2	east	east	east3	east
MT821710_Snohomish_2020-05-19	Snohomish	5/19/20	west	mp2	mp1	west	West	west2	mp2
MT821714_Whatcom_2020-05-13	Whatcom	5/13/20	west	mp3	mp1	west	West	west2	west
MT821715_Snohomish_2020-05-19	Snohomish	5/19/20	west	mp2	mp1	west	West	west2	mp2
MT821718_Skagit_2020-05-13	Skagit	5/13/20	west	mp3	mp1	west	West	west2	west
MT821721_Whatcom_2020-05-13	Whatcom	5/13/20	west	mp3	mp1	west	West	west2	west
MT821731_Snohomish_2020-05-19	Snohomish	5/19/20	west	mp2	mp1	west	West	west2	mp2
MT821732_Snohomish_2020-05-19	Snohomish	5/19/20	west	mp2	mp1	west	West	west2	mp2
MT821739_Benton_2020-05-21	Benton	5/21/20	east	mp1	mp1	east	east	east2	mp1
MT821745_Snohomish_2020-05-19	Snohomish	5/19/20	west	mp2	mp1	west	West	west2	mp2
MT821746_Whatcom_2020-05-09	Whatcom	5/9/20	west	mp3	mp1	west	West	west2	west
MT821747_Snohomish_2020-05-19	Snohomish	5/19/20	west	mp2	mp1	west	West	west2	mp2
MT821750_Whatcom_2020-05-11	Whatcom	5/11/20	west	mp3	mp1	west	West	west2	west
MT821752_Spokane_2020-05-20	Spokane	5/20/20	east	mp3	mp2	east	east	east3	east
MT821758_Whatcom_2020-05-13	Whatcom	5/13/20	west	mp3	mp1	west	West	west2	west
MT821765_Spokane_2020-05-18	Spokane	5/18/20	east	mp3	mp2	east	east	east3	east
MT821767_Yakima_2020-05-12	Yakima	5/12/20	east	mp1	mp1	Yakima	east	east1	mp1
MT821768_Spokane_2020-05-21	Spokane	5/21/20	east	mp3	mp2	east	east	east3	east
MT821773_King_2020-05-04	King	5/4/20	west	mp2	mp1	King	mp1	west1	mp2
MT821776_King_2020-05-03	King	5/3/20	west	mp2	mp1	King	mp1	west1	mp2
MT821777_King_2020-05-03	King	5/3/20	west	mp2	mp1	King	mp1	west1	mp2
MT821786_Franklin_2020-05-11	Franklin	5/11/20	east	mp1	mp1	east	east	east2	mp1
MT821787_Whatcom_2020-05-12	Whatcom	5/12/20	west	mp3	mp1	west	West	west2	west
MT831153_Yakima_2020-06-08	Yakima	6/8/20	east	mp1	mp1	Yakima	east	east1	mp1
MT831156_Yakima_2020-06-05	Yakima	6/5/20	east	mp1	mp1	Yakima	east	east1	mp1
MT831162_Pierce_2020-06-09	Pierce	6/9/20	west	mp2	mp1	west	mp1	west1	mp2
MT831163_Yakima_2020-06-08	Yakima	6/8/20	east	mp1	mp1	Yakima	east	east1	mp1
MT831167_Pierce_2020-06-09	Pierce	6/9/20	west	mp2	mp1	west	mp1	west1	mp2
MT831171_Yakima_2020-06-06	Yakima	6/6/20	east	mp1	mp1	Yakima	east	east1	mp1
MT831188_Kittitas_2020-06-05	Kittitas	6/5/20	east	mp3	mp2	east	east	east1	east
MT831199_Pierce_2020-06-09	Pierce	6/9/20	west	mp2	mp1	west	mp1	west1	mp2
MT831207_Franklin_2020-06-03	Franklin	6/3/20	east	mp1	mp1	east	east	east2	mp1
MT831211_Yakima_2020-06-08	Yakima	6/8/20	east	mp1	mp1	Yakima	east	east1	mp1
MT831220_King_2020-06-10	King	6/10/20	west	mp2	mp1	King	mp1	west1	mp2
MT831222_Kittitas_2020-06-05	Kittitas	6/5/20	east	mp3	mp2	east	east	east1	east
MT831232_Pierce_2020-06-09	Pierce	6/9/20	west	mp2	mp1	west	mp1	west1	mp2
MT831237_Franklin_2020-06-10	Franklin	6/10/20	east	mp1	mp1	east	east	east2	mp1
MT831243_Yakima_2020-06-08	Yakima	6/8/20	east	mp1	mp1	Yakima	east	east1	mp1
MT831249_Pierce_2020-06-09	Pierce	6/9/20	west	mp2	mp1	west	mp1	west1	mp2
MT831254_Whatcom_2020-06-09	Whatcom	6/9/20	west	mp3	mp1	west	West	west2	west
MT831263_Yakima_2020-06-03	Yakima	6/3/20	east	mp1	mp1	Yakima	east	east1	mp1
MT831267_Yakima_2020-06-05	Yakima	6/5/20	east	mp1	mp1	Yakima	east	east1	mp1
MT831274_Whatcom_2020-06-08	Whatcom	6/8/20	west	mp3	mp1	west	West	west2	west
MT831315_Yakima_2020-06-05	Yakima	6/5/20	east	mp1	mp1	Yakima	east	east1	mp1
MT831325_Yakima_2020-06-05	Yakima	6/5/20	east	mp1	mp1	Yakima	east	east1	mp1
MT831340_Yakima_2020-06-09	Yakima	6/9/20	east	mp1	mp1	Yakima	east	east1	mp1
MT831347_Asotin_2020-06-08	Asotin	6/8/20	east	mp3	mp2	east	east	east3	east
MT831359_Franklin_2020-06-09	Franklin	6/9/20	east	mp1	mp1	east	east	east2	mp1
MT831360_Yakima_2020-06-03	Yakima	6/3/20	east	mp1	mp1	Yakima	east	east1	mp1
MT831364_Yakima_2020-06-07	Yakima	6/7/20	east	mp1	mp1	Yakima	east	east1	mp1
MT831365_Yakima_2020-06-08	Yakima	6/8/20	east	mp1	mp1	Yakima	east	east1	mp1
MT831367_Whatcom_2020-06-08	Whatcom	6/8/20	west	mp3	mp1	west	West	west2	west
MT831391_Whatcom_2020-06-08	Whatcom	6/8/20	west	mp3	mp1	west	West	west2	west
MT831405_Snohomish_2020-06-08	Snohomish	6/8/20	west	mp2	mp1	west	West	west2	mp2
MT831416_Franklin_2020-06-09	Franklin	6/9/20	east	mp1	mp1	east	east	east2	mp1
MT831423_Franklin_2020-06-10	Franklin	6/10/20	east	mp1	mp1	east	east	east2	mp1
MT831425_Benton_2020-06-09	Benton	6/9/20	east	mp1	mp1	east	east	east2	mp1
MT831429_Yakima_2020-06-02	Yakima	6/2/20	east	mp1	mp1	Yakima	east	east1	mp1
MT831442_Benton_2020-06-09	Benton	6/9/20	east	mp1	mp1	east	east	east2	mp1
MT831448_Thurston_2020-06-08	Thurston	6/8/20	west	mp3	mp2	west	West	west3	west
MT831449_Spokane_2020-06-08	Spokane	6/8/20	east	mp3	mp2	east	east	east3	east
MT831451_Thurston_2020-06-08	Thurston	6/8/20	west	mp3	mp2	west	West	west3	west
MT831462_Yakima_2020-06-02	Yakima	6/2/20	east	mp1	mp1	Yakima	east	east1	mp1
MT831464_Whatcom_2020-06-06	Whatcom	6/6/20	west	mp3	mp1	west	West	west2	west
MT831474_Yakima_2020-06-05	Yakima	6/5/20	east	mp1	mp1	Yakima	east	east1	mp1
MT831479_Snohomish_2020-06-03	Snohomish	6/3/20	west	mp2	mp1	west	West	west2	mp2
MT831483_King_2020-06-04	King	6/4/20	west	mp2	mp1	King	mp1	west1	mp2
MT831534_Pierce_2020-06-16	Pierce	6/16/20	west	mp2	mp1	west	mp1	west1	mp2
MT831539_Pierce_2020-06-18	Pierce	6/18/20	west	mp2	mp1	west	mp1	west1	mp2
MT831565_Yakima_2020-06-19	Yakima	6/19/20	east	mp1	mp1	Yakima	east	east1	mp1
MT831566_Pierce_2020-06-17	Pierce	6/17/20	west	mp2	mp1	west	mp1	west1	mp2
MT831568_Pierce_2020-06-16	Pierce	6/16/20	west	mp2	mp1	west	mp1	west1	mp2
MT831570_Snohomish_2020-06-20	Snohomish	6/20/20	west	mp2	mp1	west	West	west2	mp2
MT831579_Pierce_2020-06-21	Pierce	6/21/20	west	mp2	mp1	west	mp1	west1	mp2
MT831583_Franklin_2020-06-15	Franklin	6/15/20	east	mp1	mp1	east	east	east2	mp1
MT831593_Yakima_2020-06-17	Yakima	6/17/20	east	mp1	mp1	Yakima	east	east1	mp1
MT831598_Yakima_2020-06-17	Yakima	6/17/20	east	mp1	mp1	Yakima	east	east1	mp1
MT831605_Snohomish_2020-06-20	Snohomish	6/20/20	west	mp2	mp1	west	West	west2	mp2
MT831612_Pierce_2020-06-17	Pierce	6/17/20	west	mp2	mp1	west	mp1	west1	mp2
MT831615_Pierce_2020-06-15	Pierce	6/15/20	west	mp2	mp1	west	mp1	west1	mp2
MT831620_Pierce_2020-06-18	Pierce	6/18/20	west	mp2	mp1	west	mp1	west1	mp2
MT831627_Yakima_2020-06-11	Yakima	6/11/20	east	mp1	mp1	Yakima	east	east1	mp1
MT831629_Pierce_2020-06-21	Pierce	6/21/20	west	mp2	mp1	west	mp1	west1	mp2
MT831631_Pierce_2020-06-21	Pierce	6/21/20	west	mp2	mp1	west	mp1	west1	mp2
MT831645_Snohomish_2020-06-20	Snohomish	6/20/20	west	mp2	mp1	west	West	west2	mp2
MT831648_King_2020-06-16	King	6/16/20	west	mp2	mp1	King	mp1	west1	mp2
MT831671_Pierce_2020-06-21	Pierce	6/21/20	west	mp2	mp1	west	mp1	west1	mp2
MT831680_Pierce_2020-06-18	Pierce	6/18/20	west	mp2	mp1	west	mp1	west1	mp2
MT831685_Snohomish_2020-06-11	Snohomish	6/11/20	west	mp2	mp1	west	West	west2	mp2
MT831688_Snohomish_2020-06-20	Snohomish	6/20/20	west	mp2	mp1	west	West	west2	mp2
MT831691_Yakima_2020-06-12	Yakima	6/12/20	east	mp1	mp1	Yakima	east	east1	mp1
MT831710_Snohomish_2020-06-20	Snohomish	6/20/20	west	mp2	mp1	west	West	west2	mp2
MT831725_Snohomish_2020-06-20	Snohomish	6/20/20	west	mp2	mp1	west	West	west2	mp2
MT831729_Snohomish_2020-06-20	Snohomish	6/20/20	west	mp2	mp1	west	West	west2	mp2
MT831741_Yakima_2020-06-11	Yakima	6/11/20	east	mp1	mp1	Yakima	east	east1	mp1
MT831747_Snohomish_2020-06-20	Snohomish	6/20/20	west	mp2	mp1	west	West	west2	mp2
MT831753_Snohomish_2020-06-12	Snohomish	6/12/20	west	mp2	mp1	west	West	west2	mp2
MT831755_Yakima_2020-06-22	Yakima	6/22/20	east	mp1	mp1	Yakima	east	east1	mp1
MT831766_Kittitas_2020-06-13	Kittitas	6/13/20	east	mp3	mp2	east	east	east1	east
MT831768_Yakima_2020-06-16	Yakima	6/16/20	east	mp1	mp1	Yakima	east	east1	mp1
MT831783_Snohomish_2020-06-20	Snohomish	6/20/20	west	mp2	mp1	west	West	west2	mp2
MT831785_Yakima_2020-06-15	Yakima	6/15/20	east	mp1	mp1	Yakima	east	east1	mp1
MT831786_Snohomish_2020-06-20	Snohomish	6/20/20	west	mp2	mp1	west	West	west2	mp2
MT831796_Snohomish_2020-06-20	Snohomish	6/20/20	west	mp2	mp1	west	West	west2	mp2
MT831800_Pierce_2020-06-19	Pierce	6/19/20	west	mp2	mp1	west	mp1	west1	mp2
MT831811_Snohomish_2020-06-20	Snohomish	6/20/20	west	mp2	mp1	west	West	west2	mp2
MT831813_Yakima_2020-06-10	Yakima	6/10/20	east	mp1	mp1	Yakima	east	east1	mp1
MT831818_Snohomish_2020-06-20	Snohomish	6/20/20	west	mp2	mp1	west	West	west2	mp2
MT831825_Yakima_2020-06-12	Yakima	6/12/20	east	mp1	mp1	Yakima	east	east1	mp1
MT831826_Snohomish_2020-06-12	Snohomish	6/12/20	west	mp2	mp1	west	West	west2	mp2
MT831827_King_2020-06-16	King	6/16/20	west	mp2	mp1	King	mp1	west1	mp2
MT831828_Snohomish_2020-06-11	Snohomish	6/11/20	west	mp2	mp1	west	West	west2	mp2
MT831833_Yakima_2020-06-14	Yakima	6/14/20	east	mp1	mp1	Yakima	east	east1	mp1
MT831834_Snohomish_2020-06-20	Snohomish	6/20/20	west	mp2	mp1	west	West	west2	mp2
MT831835_Snohomish_2020-06-20	Snohomish	6/20/20	west	mp2	mp1	west	West	west2	mp2
MT831837_Yakima_2020-06-11	Yakima	6/11/20	east	mp1	mp1	Yakima	east	east1	mp1
MT831838_Yakima_2020-06-11	Yakima	6/11/20	east	mp1	mp1	Yakima	east	east1	mp1
MT831840_Benton_2020-06-17	Benton	6/17/20	east	mp1	mp1	east	east	east2	mp1
MT831845_Yakima_2020-06-15	Yakima	6/15/20	east	mp1	mp1	Yakima	east	east1	mp1
MT831846_Snohomish_2020-06-20	Snohomish	6/20/20	west	mp2	mp1	west	West	west2	mp2
MT831852_Yakima_2020-06-18	Yakima	6/18/20	east	mp1	mp1	Yakima	east	east1	mp1
MT831877_Yakima_2020-06-15	Yakima	6/15/20	east	mp1	mp1	Yakima	east	east1	mp1
MT831887_Yakima_2020-06-16	Yakima	6/16/20	east	mp1	mp1	Yakima	east	east1	mp1
MT831889_Yakima_2020-06-16	Yakima	6/16/20	east	mp1	mp1	Yakima	east	east1	mp1
MT831899_Yakima_2020-06-14	Yakima	6/14/20	east	mp1	mp1	Yakima	east	east1	mp1
MT833967_Yakima_2020-05-28	Yakima	5/28/20	east	mp1	mp1	Yakima	east	east1	mp1
MT833972_Yakima_2020-05-31	Yakima	5/31/20	east	mp1	mp1	Yakima	east	east1	mp1
MT833981_Yakima_2020-05-26	Yakima	5/26/20	east	mp1	mp1	Yakima	east	east1	mp1
MT833985_Yakima_2020-05-26	Yakima	5/26/20	east	mp1	mp1	Yakima	east	east1	mp1
MT833998_Yakima_2020-06-02	Yakima	6/2/20	east	mp1	mp1	Yakima	east	east1	mp1
MT834002_Spokane_2020-06-03	Spokane	6/3/20	east	mp3	mp2	east	east	east3	east
MT834008_Yakima_2020-05-26	Yakima	5/26/20	east	mp1	mp1	Yakima	east	east1	mp1
MT834014_Yakima_2020-05-30	Yakima	5/30/20	east	mp1	mp1	Yakima	east	east1	mp1
MT834019_Yakima_2020-05-26	Yakima	5/26/20	east	mp1	mp1	Yakima	east	east1	mp1
MT834023_Yakima_2020-05-28	Yakima	5/28/20	east	mp1	mp1	Yakima	east	east1	mp1
MT834029_Spokane_2020-06-02	Spokane	6/2/20	east	mp3	mp2	east	east	east3	east
MT834036_Yakima_2020-06-01	Yakima	6/1/20	east	mp1	mp1	Yakima	east	east1	mp1
MT834042_Spokane_2020-06-02	Spokane	6/2/20	east	mp3	mp2	east	east	east3	east
MT834080_Whatcom_2020-05-27	Whatcom	5/27/20	west	mp3	mp1	west	West	west2	west
MT834110_Yakima_2020-05-31	Yakima	5/31/20	east	mp1	mp1	Yakima	east	east1	mp1
MT834113_Yakima_2020-05-22	Yakima	5/22/20	east	mp1	mp1	Yakima	east	east1	mp1
MT834115_Yakima_2020-05-27	Yakima	5/27/20	east	mp1	mp1	Yakima	east	east1	mp1
MT834146_Yakima_2020-05-26	Yakima	5/26/20	east	mp1	mp1	Yakima	east	east1	mp1
MT834147_Yakima_2020-05-26	Yakima	5/26/20	east	mp1	mp1	Yakima	east	east1	mp1
MT834151_Yakima_2020-05-21	Yakima	5/21/20	east	mp1	mp1	Yakima	east	east1	mp1
MT834159_Yakima_2020-06-01	Yakima	6/1/20	east	mp1	mp1	Yakima	east	east1	mp1
MT834162_Yakima_2020-05-31	Yakima	5/31/20	east	mp1	mp1	Yakima	east	east1	mp1
MT834165_Yakima_2020-05-27	Yakima	5/27/20	east	mp1	mp1	Yakima	east	east1	mp1
MT834186_Yakima_2020-05-31	Yakima	5/31/20	east	mp1	mp1	Yakima	east	east1	mp1
MT834208_Spokane_2020-06-01	Spokane	6/1/20	east	mp3	mp2	east	east	east3	east
MT834232_Whatcom_2020-05-23	Whatcom	5/23/20	west	mp3	mp1	west	West	west2	west
MT834239_Spokane_2020-06-02	Spokane	6/2/20	east	mp3	mp2	east	east	east3	east
MT834250_Thurston_2020-05-27	Thurston	5/27/20	west	mp3	mp2	west	West	west3	west
MT834261_GraysHarbor_2020-05-27	GraysHarbor	5/27/20	west	mp3	mp2	west	West	west3	west
MT834267_Whatcom_2020-05-27	Whatcom	5/27/20	west	mp3	mp1	west	West	west2	west
MT834273_Thurston_2020-05-27	Thurston	5/27/20	west	mp3	mp2	west	West	west3	west
MT834278_Yakima_2020-06-01	Yakima	6/1/20	east	mp1	mp1	Yakima	east	east1	mp1
MT834285_Yakima_2020-05-26	Yakima	5/26/20	east	mp1	mp1	Yakima	east	east1	mp1
MT834297_Spokane_2020-06-02	Spokane	6/2/20	east	mp3	mp2	east	east	east3	east
MT834298_Thurston_2020-05-27	Thurston	5/27/20	west	mp3	mp2	west	West	west3	west
MT834305_Spokane_2020-05-27	Spokane	5/27/20	east	mp3	mp2	east	east	east3	east
MT834313_Spokane_2020-05-27	Spokane	5/27/20	east	mp3	mp2	east	east	east3	east
MT834320_Spokane_2020-05-28	Spokane	5/28/20	east	mp3	mp2	east	east	east3	east
MT834323_Whatcom_2020-05-27	Whatcom	5/27/20	west	mp3	mp1	west	West	west2	west
MT834324_Whatcom_2020-05-29	Whatcom	5/29/20	west	mp3	mp1	west	West	west2	west
MT834329_Spokane_2020-05-27	Spokane	5/27/20	east	mp3	mp2	east	east	east3	east
MT834331_Thurston_2020-05-27	Thurston	5/27/20	west	mp3	mp2	west	West	west3	west
MT834336_Thurston_2020-05-27	Thurston	5/27/20	west	mp3	mp2	west	West	west3	west
MT834338_Spokane_2020-05-26	Spokane	5/26/20	east	mp3	mp2	east	east	east3	east
MT834341_Spokane_2020-05-27	Spokane	5/27/20	east	mp3	mp2	east	east	east3	east
MT834350_Spokane_2020-05-26	Spokane	5/26/20	east	mp3	mp2	east	east	east3	east
MT834352_Spokane_2020-05-28	Spokane	5/28/20	east	mp3	mp2	east	east	east3	east
MT834353_Spokane_2020-05-27	Spokane	5/27/20	east	mp3	mp2	east	east	east3	east
MT834356_Whatcom_2020-05-27	Whatcom	5/27/20	west	mp3	mp1	west	West	west2	west
MT834358_Spokane_2020-05-27	Spokane	5/27/20	east	mp3	mp2	east	east	east3	east
MT834359_Spokane_2020-05-27	Spokane	5/27/20	east	mp3	mp2	east	east	east3	east
MT947546_King_2020-06-29	King	6/29/20	west	mp2	mp1	King	mp1	west1	mp2
MT947547_King_2020-07-30	King	7/30/20	west	mp2	mp1	King	mp1	west1	mp2
MT947548_King_2020-07-12	King	7/12/20	west	mp2	mp1	King	mp1	west1	mp2
MT947550_King_2020-07-07	King	7/7/20	west	mp2	mp1	King	mp1	west1	mp2
MT947551_King_2020-07-27	King	7/27/20	west	mp2	mp1	King	mp1	west1	mp2
MT947552_King_2020-07-16	King	7/16/20	west	mp2	mp1	King	mp1	west1	mp2
MT947553_King_2020-07-30	King	7/30/20	west	mp2	mp1	King	mp1	west1	mp2
MT947554_King_2020-07-02	King	7/2/20	west	mp2	mp1	King	mp1	west1	mp2
MT947555_King_2020-07-17	King	7/17/20	west	mp2	mp1	King	mp1	west1	mp2
MT947557_King_2020-07-15	King	7/15/20	west	mp2	mp1	King	mp1	west1	mp2
MT947558_King_2020-07-21	King	7/21/20	west	mp2	mp1	King	mp1	west1	mp2
MT947559_King_2020-07-16	King	7/16/20	west	mp2	mp1	King	mp1	west1	mp2
MT947560_King_2020-07-17	King	7/17/20	west	mp2	mp1	King	mp1	west1	mp2
MT947561_King_2020-07-12	King	7/12/20	west	mp2	mp1	King	mp1	west1	mp2
MT947563_King_2020-07-03	King	7/3/20	west	mp2	mp1	King	mp1	west1	mp2
MT947564_King_2020-07-19	King	7/19/20	west	mp2	mp1	King	mp1	west1	mp2
MT947565_King_2020-07-18	King	7/18/20	west	mp2	mp1	King	mp1	west1	mp2
MT947568_King_2020-07-07	King	7/7/20	west	mp2	mp1	King	mp1	west1	mp2
MT947570_King_2020-07-02	King	7/2/20	west	mp2	mp1	King	mp1	west1	mp2
MT947571_King_2020-06-29	King	6/29/20	west	mp2	mp1	King	mp1	west1	mp2
MT947572_King_2020-07-16	King	7/16/20	west	mp2	mp1	King	mp1	west1	mp2
MT947573_King_2020-07-09	King	7/9/20	west	mp2	mp1	King	mp1	west1	mp2
MT947574_King_2020-07-02	King	7/2/20	west	mp2	mp1	King	mp1	west1	mp2
MT947575_King_2020-07-13	King	7/13/20	west	mp2	mp1	King	mp1	west1	mp2
MT947576_King_2020-07-28	King	7/28/20	west	mp2	mp1	King	mp1	west1	mp2
MT947577_King_2020-07-19	King	7/19/20	west	mp2	mp1	King	mp1	west1	mp2
MT947578_King_2020-07-28	King	7/28/20	west	mp2	mp1	King	mp1	west1	mp2
MT947579_King_2020-07-28	King	7/28/20	west	mp2	mp1	King	mp1	west1	mp2
MT947582_King_2020-07-27	King	7/27/20	west	mp2	mp1	King	mp1	west1	mp2
MT947583_King_2020-07-11	King	7/11/20	west	mp2	mp1	King	mp1	west1	mp2
MT947584_King_2020-07-29	King	7/29/20	west	mp2	mp1	King	mp1	west1	mp2
MT947586_King_2020-07-28	King	7/28/20	west	mp2	mp1	King	mp1	west1	mp2
MT947587_King_2020-06-25	King	6/25/20	west	mp2	mp1	King	mp1	west1	mp2
MT947588_King_2020-07-27	King	7/27/20	west	mp2	mp1	King	mp1	west1	mp2
MT947591_King_2020-07-02	King	7/2/20	west	mp2	mp1	King	mp1	west1	mp2
MT947592_King_2020-07-11	King	7/11/20	west	mp2	mp1	King	mp1	west1	mp2
MT947593_King_2020-07-03	King	7/3/20	west	mp2	mp1	King	mp1	west1	mp2
MT947595_King_2020-06-29	King	6/29/20	west	mp2	mp1	King	mp1	west1	mp2
MT982402_King_2020-05-11	King	5/11/20	west	mp2	mp1	King	mp1	west1	mp2
MT982404_King_2020-05-11	King	5/11/20	west	mp2	mp1	King	mp1	west1	mp2
MT982405_King_2020-05-26	King	5/26/20	west	mp2	mp1	King	mp1	west1	mp2
MT982406_King_2020-06-15	King	6/15/20	west	mp2	mp1	King	mp1	west1	mp2
MT997213_King_2020-08-14	King	8/14/20	west	mp2	mp1	King	mp1	west1	mp2
MT997214_King_2020-08-09	King	8/9/20	west	mp2	mp1	King	mp1	west1	mp2
MT997215_King_2020-08-05	King	8/5/20	west	mp2	mp1	King	mp1	west1	mp2
MT997216_King_2020-08-12	King	8/12/20	west	mp2	mp1	King	mp1	west1	mp2
MT997218_King_2020-08-13	King	8/13/20	west	mp2	mp1	King	mp1	west1	mp2
MT997219_King_2020-08-01	King	8/1/20	west	mp2	mp1	King	mp1	west1	mp2
MT997220_King_2020-08-14	King	8/14/20	west	mp2	mp1	King	mp1	west1	mp2
MT997221_King_2020-08-11	King	8/11/20	west	mp2	mp1	King	mp1	west1	mp2
MT997222_King_2020-08-11	King	8/11/20	west	mp2	mp1	King	mp1	west1	mp2
MT997224_King_2020-08-23	King	8/23/20	west	mp2	mp1	King	mp1	west1	mp2
MT997225_King_2020-08-13	King	8/13/20	west	mp2	mp1	King	mp1	west1	mp2
MT997226_King_2020-08-29	King	8/29/20	west	mp2	mp1	King	mp1	west1	mp2
MT997227_King_2020-08-23	King	8/23/20	west	mp2	mp1	King	mp1	west1	mp2
MT997228_King_2020-07-13	King	7/13/20	west	mp2	mp1	King	mp1	west1	mp2
MT997233_King_2020-08-14	King	8/14/20	west	mp2	mp1	King	mp1	west1	mp2
MT997235_King_2020-08-29	King	8/29/20	west	mp2	mp1	King	mp1	west1	mp2
MT997236_King_2020-08-10	King	8/10/20	west	mp2	mp1	King	mp1	west1	mp2
MT997237_King_2020-08-22	King	8/22/20	west	mp2	mp1	King	mp1	west1	mp2
MT997240_King_2020-08-24	King	8/24/20	west	mp2	mp1	King	mp1	west1	mp2
MT997241_King_2020-08-14	King	8/14/20	west	mp2	mp1	King	mp1	west1	mp2
MT997242_King_2020-08-03	King	8/3/20	west	mp2	mp1	King	mp1	west1	mp2
MW077474_King_2020-09-06	King	9/6/20	west	mp2	mp1	King	mp1	west1	mp2
MW077475_King_2020-09-07	King	9/7/20	west	mp2	mp1	King	mp1	west1	mp2
MW077476_King_2020-09-13	King	9/13/20	west	mp2	mp1	King	mp1	west1	mp2
MW077477_King_2020-09-09	King	9/9/20	west	mp2	mp1	King	mp1	west1	mp2
MW077478_King_2020-09-08	King	9/8/20	west	mp2	mp1	King	mp1	west1	mp2
MW077480_King_2020-09-16	King	9/16/20	west	mp2	mp1	King	mp1	west1	mp2
MW077481_King_2020-09-16	King	9/16/20	west	mp2	mp1	King	mp1	west1	mp2
MW077482_King_2020-09-13	King	9/13/20	west	mp2	mp1	King	mp1	west1	mp2
MW077485_King_2020-09-09	King	9/9/20	west	mp2	mp1	King	mp1	west1	mp2
MW077487_King_2020-09-14	King	9/14/20	west	mp2	mp1	King	mp1	west1	mp2
MW077489_King_2020-09-16	King	9/16/20	west	mp2	mp1	King	mp1	west1	mp2
MW077491_King_2020-08-28	King	8/28/20	west	mp2	mp1	King	mp1	west1	mp2
MW077492_King_2020-09-18	King	9/18/20	west	mp2	mp1	King	mp1	west1	mp2
MW077493_King_2020-09-18	King	9/18/20	west	mp2	mp1	King	mp1	west1	mp2
MW077494_King_2020-09-13	King	9/13/20	west	mp2	mp1	King	mp1	west1	mp2
MW077495_King_2020-08-31	King	8/31/20	west	mp2	mp1	King	mp1	west1	mp2
MW077496_King_2020-09-18	King	9/18/20	west	mp2	mp1	King	mp1	west1	mp2
MW077497_King_2020-09-02	King	9/2/20	west	mp2	mp1	King	mp1	west1	mp2
MW077498_King_2020-09-07	King	9/7/20	west	mp2	mp1	King	mp1	west1	mp2
MW077500_King_2020-09-02	King	9/2/20	west	mp2	mp1	King	mp1	west1	mp2
MW077501_King_2020-09-05	King	9/5/20	west	mp2	mp1	King	mp1	west1	mp2
MW077502_King_2020-09-02	King	9/2/20	west	mp2	mp1	King	mp1	west1	mp2
MW079819_King_2020-09-01	King	9/1/20	west	mp2	mp1	King	mp1	west1	mp2
MW079820_King_2020-09-01	King	9/1/20	west	mp2	mp1	King	mp1	west1	mp2
MW079821_King_2020-08-31	King	8/31/20	west	mp2	mp1	King	mp1	west1	mp2
MW079822_King_2020-08-31	King	8/31/20	west	mp2	mp1	King	mp1	west1	mp2
MW079823_King_2020-09-03	King	9/3/20	west	mp2	mp1	King	mp1	west1	mp2
MW173401_King_2020-09-11	King	9/11/20	west	mp2	mp1	King	mp1	west1	mp2
MW173402_King_2020-09-16	King	9/16/20	west	mp2	mp1	King	mp1	west1	mp2
MW173404_King_2020-09-17	King	9/17/20	west	mp2	mp1	King	mp1	west1	mp2
MW173407_King_2020-09-19	King	9/19/20	west	mp2	mp1	King	mp1	west1	mp2
MW173408_King_2020-09-19	King	9/19/20	west	mp2	mp1	King	mp1	west1	mp2
MW173409_King_2020-09-20	King	9/20/20	west	mp2	mp1	King	mp1	west1	mp2
MW173410_King_2020-09-20	King	9/20/20	west	mp2	mp1	King	mp1	west1	mp2
MW173412_King_2020-09-21	King	9/21/20	west	mp2	mp1	King	mp1	west1	mp2
MW173414_King_2020-09-22	King	9/22/20	west	mp2	mp1	King	mp1	west1	mp2
MW173417_King_2020-09-22	King	9/22/20	west	mp2	mp1	King	mp1	west1	mp2
MW173426_King_2020-10-01	King	10/1/20	west	mp2	mp1	King	mp1	west1	mp2
MW173440_King_2020-09-29	King	9/29/20	west	mp2	mp1	King	mp1	west1	mp2
MW173441_King_2020-09-29	King	9/29/20	west	mp2	mp1	King	mp1	west1	mp2
MW173444_King_2020-10-01	King	10/1/20	west	mp2	mp1	King	mp1	west1	mp2
MW173448_King_2020-10-02	King	10/2/20	west	mp2	mp1	King	mp1	west1	mp2